codigo,nome,quantidade
10,Nome não encontrado,1.0
1002,Nome não encontrado,1.0
1004,Nome não encontrado,0.0
101,Nome não encontrado,0.0
1026,Nome não encontrado,3.0
1037,Nome não encontrado,1.0
1044,Nome não encontrado,0.0
1049,Nome não encontrado,2.0
1060,Nome não encontrado,0.0
1061,Nome não encontrado,10.0
1063,Nome não encontrado,15.0
1064,Nome não encontrado,161.0
1065,Nome não encontrado,-1.0
1070,Nome não encontrado,0.0
1073,Nome não encontrado,0.0
1089,Nome não encontrado,0.0
109,Nome não encontrado,1.0
1103,Nome não encontrado,1.0
1115,Nome não encontrado,0.0
1118,Nome não encontrado,2.0
1130,Nome não encontrado,0.0
1133,Nome não encontrado,0.0
1134,Nome não encontrado,0.0
1136,Nome não encontrado,0.0
1139,Nome não encontrado,0.0
1148,Nome não encontrado,0.0
115,Nome não encontrado,1.0
1153,Nome não encontrado,0.0
1163,Nome não encontrado,10.0
1171,Nome não encontrado,0.0
1181,Nome não encontrado,0.0
1189,Nome não encontrado,0.0
1194,Nome não encontrado,0.0
1195,Nome não encontrado,0.0
1208,Nome não encontrado,1.0
1210,Nome não encontrado,4.0
1211,Nome não encontrado,2.0
1216,Nome não encontrado,1.0
1217,Nome não encontrado,0.0
1225,Nome não encontrado,0.0
1226,Nome não encontrado,0.0
1228,Nome não encontrado,1.0
1231,Nome não encontrado,0.0
1238,Nome não encontrado,17.0
1250,Nome não encontrado,6.0
1258,Nome não encontrado,1.0
1264,Nome não encontrado,0.0
1267,Nome não encontrado,0.0
1268,Nome não encontrado,0.0
129,Nome não encontrado,2.0
1290,Nome não encontrado,0.0
1291,Nome não encontrado,0.0
1293,Nome não encontrado,1.0
1298,Nome não encontrado,0.0
1299,Nome não encontrado,4.0
1300,Nome não encontrado,0.0
1307,Nome não encontrado,3.0
1312,Nome não encontrado,0.0
1322,Nome não encontrado,3.0
1327,Nome não encontrado,1.0
1335,Nome não encontrado,0.0
1346,Nome não encontrado,0.0
1351,Nome não encontrado,0.0
137,Nome não encontrado,0.0
1385,Nome não encontrado,2.0
1404,Nome não encontrado,0.0
1410,Nome não encontrado,0.0
1419,Nome não encontrado,0.0
1431,Nome não encontrado,0.0
1432,Nome não encontrado,214.0
1436,Nome não encontrado,0.0
1437,Nome não encontrado,0.0
1447,Nome não encontrado,0.0
1449,Nome não encontrado,3.0
1452,Nome não encontrado,0.0
1459,Nome não encontrado,0.0
1469,Nome não encontrado,3.0
1470,Nome não encontrado,0.0
1472,Nome não encontrado,2.0
1481,Nome não encontrado,0.0
1482,Nome não encontrado,4.0
1487,Nome não encontrado,0.0
1492,Nome não encontrado,1.0
1518,Nome não encontrado,0.0
1519,Nome não encontrado,1.0
1523,Nome não encontrado,0.0
1524,Nome não encontrado,0.0
1558,Nome não encontrado,2.0
1578,Nome não encontrado,0.0
160,Nome não encontrado,0.0
1627,Nome não encontrado,1.0
1630,Nome não encontrado,0.0
1650,Nome não encontrado,58.0
1653,Nome não encontrado,2.0
1655,Nome não encontrado,0.0
1656,Nome não encontrado,7.0
1657,Nome não encontrado,0.0
1677,Nome não encontrado,0.0
168,Nome não encontrado,0.0
1682,Nome não encontrado,0.0
1698,Nome não encontrado,3.0
1716,Nome não encontrado,5.0
1717,Nome não encontrado,6.0
1721,Nome não encontrado,0.0
173,Nome não encontrado,1.0
1734,Nome não encontrado,0.0
1772,Nome não encontrado,8.0
178,Nome não encontrado,1.0
1788,Nome não encontrado,0.0
1789,Nome não encontrado,0.0
1794,Nome não encontrado,0.0
1803,Nome não encontrado,0.0
1806,Nome não encontrado,0.0
1807,Nome não encontrado,0.0
181,Nome não encontrado,1.0
1832,Nome não encontrado,2.0
1875,Nome não encontrado,0.0
1935,Nome não encontrado,1.0
1964,Nome não encontrado,1.0
1975,Nome não encontrado,0.0
198,Nome não encontrado,0.0
2007,Nome não encontrado,0.0
2030,Nome não encontrado,0.0
2036,Nome não encontrado,0.0
2040,Nome não encontrado,0.0
2101,Nome não encontrado,0.0
2104,Nome não encontrado,0.0
2108,Nome não encontrado,0.0
2115,Nome não encontrado,1.0
213,Nome não encontrado,0.0
2176,Nome não encontrado,39.0
2186,Nome não encontrado,1.0
2188,Nome não encontrado,1.0
2190,Nome não encontrado,0.0
221,Nome não encontrado,0.0
222,Nome não encontrado,5.0
2222,Nome não encontrado,0.0
223,Nome não encontrado,1.0
2236,Nome não encontrado,1.0
2241,Nome não encontrado,0.0
2243,Nome não encontrado,2.0
2246,Nome não encontrado,0.0
225,Nome não encontrado,1.0
2251,Nome não encontrado,0.0
226,Nome não encontrado,1.0
2262,Nome não encontrado,0.0
2265,Nome não encontrado,0.0
2270,Nome não encontrado,1.0
2272,Nome não encontrado,0.0
2275,Nome não encontrado,1.0
2278,Nome não encontrado,1.0
2284,Nome não encontrado,0.0
2286,Nome não encontrado,2.0
2287,Nome não encontrado,1.0
2290,Nome não encontrado,88.0
2291,Nome não encontrado,0.0
2292,Nome não encontrado,0.0
2293,Nome não encontrado,0.0
2296,Nome não encontrado,4.0
2298,Nome não encontrado,0.0
2308,Nome não encontrado,1.0
2310,Nome não encontrado,0.0
2323,Nome não encontrado,0.0
2329,Nome não encontrado,0.0
2332,Nome não encontrado,0.0
2333,Nome não encontrado,0.0
2335,Nome não encontrado,0.0
2340,Nome não encontrado,0.0
2341,Nome não encontrado,2.0
2342,Nome não encontrado,0.0
2346,Nome não encontrado,1.0
2363,Nome não encontrado,0.0
2371,Nome não encontrado,1.0
2375,Nome não encontrado,0.0
2376,Nome não encontrado,4.0
2379,Nome não encontrado,1.0
2381,Nome não encontrado,0.0
2382,Nome não encontrado,5.0
2389,Nome não encontrado,0.0
2391,Nome não encontrado,2.0
2401,Nome não encontrado,1.0
2402,Nome não encontrado,0.0
2404,Nome não encontrado,0.0
2406,Nome não encontrado,64.0
2408,Nome não encontrado,0.0
2409,Nome não encontrado,0.0
241,Nome não encontrado,0.0
2416,Nome não encontrado,1.0
2418,Nome não encontrado,0.0
2420,Nome não encontrado,1.0
2428,Nome não encontrado,1.0
2432,Nome não encontrado,1.0
2437,Nome não encontrado,0.0
2442,Nome não encontrado,0.0
2446,Nome não encontrado,1.0
245,Nome não encontrado,0.0
2461,Nome não encontrado,7.0
2465,Nome não encontrado,1.0
2466,Nome não encontrado,1.0
2468,Nome não encontrado,1.0
2478,Nome não encontrado,0.0
248,Nome não encontrado,0.0
2480,Nome não encontrado,0.0
2482,Nome não encontrado,0.0
25,Nome não encontrado,2.0
2500,Nome não encontrado,1.0
2514,Nome não encontrado,0.0
2518,Nome não encontrado,6.0
2520,Nome não encontrado,0.0
2525,Nome não encontrado,1.0
2526,Nome não encontrado,0.0
2541,Nome não encontrado,0.0
2550,Nome não encontrado,3.0
2553,Nome não encontrado,0.0
2564,Nome não encontrado,1.0
2574,Nome não encontrado,1.0
2583,Nome não encontrado,0.0
2634,Nome não encontrado,1.0
2636,Nome não encontrado,0.0
2639,Nome não encontrado,1.0
264,Nome não encontrado,8.0
2665,Nome não encontrado,0.0
2669,Nome não encontrado,0.0
268,Nome não encontrado,1.0
2681,Nome não encontrado,10.0
2687,Nome não encontrado,9.0
269,Nome não encontrado,13.0
2693,Nome não encontrado,3.0
2713,Nome não encontrado,0.0
272,Nome não encontrado,0.0
273,Nome não encontrado,4.0
2749,Nome não encontrado,1.0
2752,Nome não encontrado,0.0
2753,Nome não encontrado,0.0
2754,Nome não encontrado,1.0
2755,Nome não encontrado,3.0
280,Nome não encontrado,0.0
2805,Nome não encontrado,0.0
2806,Nome não encontrado,0.0
2808,Nome não encontrado,0.0
2813,Nome não encontrado,1.0
2814,Nome não encontrado,0.0
2817,Nome não encontrado,0.0
2818,Nome não encontrado,0.0
2823,Nome não encontrado,4.0
2830,Nome não encontrado,0.0
2832,Nome não encontrado,0.0
2833,Nome não encontrado,0.0
2835,Nome não encontrado,3.0
2842,Nome não encontrado,4.0
2843,Nome não encontrado,0.0
2847,Nome não encontrado,0.0
2850,Nome não encontrado,0.0
2855,Nome não encontrado,65.0
2856,Nome não encontrado,0.0
2857,Nome não encontrado,615.0
2863,Nome não encontrado,0.0
2867,Nome não encontrado,70.0
2877,Nome não encontrado,0.0
2882,Nome não encontrado,2.0
2884,Nome não encontrado,0.0
2886,Nome não encontrado,0.0
293,Nome não encontrado,0.0
2930,Nome não encontrado,0.0
2932,Nome não encontrado,0.0
2935,Nome não encontrado,6.0
2937,Nome não encontrado,0.0
2939,Nome não encontrado,1.0
2943,Nome não encontrado,0.0
2946,Nome não encontrado,0.0
2947,Nome não encontrado,0.0
2949,Nome não encontrado,6.0
2952,Nome não encontrado,0.0
2954,Nome não encontrado,0.0
2960,Nome não encontrado,1.0
2970,Nome não encontrado,0.0
298,Nome não encontrado,10.0
2985,Nome não encontrado,0.0
2989,Nome não encontrado,0.0
2994,Nome não encontrado,1.0
301,Nome não encontrado,0.0
3024,Nome não encontrado,521.0
3025,Nome não encontrado,2.0
3032,Nome não encontrado,0.0
3034,Nome não encontrado,0.0
3035,Nome não encontrado,2.0
3037,Nome não encontrado,0.0
3038,Nome não encontrado,0.0
3051,Nome não encontrado,8.0
3054,Nome não encontrado,0.0
3055,Nome não encontrado,0.0
3056,Nome não encontrado,76.0
3057,Nome não encontrado,40.0
3059,Nome não encontrado,0.0
3060,Nome não encontrado,0.0
3061,Nome não encontrado,0.0
3063,Nome não encontrado,3.0
3068,Nome não encontrado,10.0
3073,Nome não encontrado,24.0
3074,Nome não encontrado,0.0
3078,Nome não encontrado,1.0
3083,Nome não encontrado,305.0
3084,Nome não encontrado,0.0
3086,Nome não encontrado,1.0
3090,Nome não encontrado,3.0
3092,Nome não encontrado,0.0
3093,Nome não encontrado,0.0
3098,Nome não encontrado,1.0
310,Nome não encontrado,0.0
3103,Nome não encontrado,0.0
3104,Nome não encontrado,8.0
3105,Nome não encontrado,0.0
3106,Nome não encontrado,2.0
3112,Nome não encontrado,0.0
3113,Nome não encontrado,8.0
3114,Nome não encontrado,2.0
3132,Nome não encontrado,12.0
3133,Nome não encontrado,8.0
3136,Nome não encontrado,60.0
3137,Nome não encontrado,328.0
3138,Nome não encontrado,89.0
3139,Nome não encontrado,10.0
3140,Nome não encontrado,112.0
3141,Nome não encontrado,154.0
3142,Nome não encontrado,12.0
3144,Nome não encontrado,8.0
3145,Nome não encontrado,6.0
3146,Nome não encontrado,8.0
3148,Nome não encontrado,49.0
3149,Nome não encontrado,1.0
3150,Nome não encontrado,0.0
3151,Nome não encontrado,232.0
3152,Nome não encontrado,0.0
3153,Nome não encontrado,0.0
3154,Nome não encontrado,0.0
3156,Nome não encontrado,15.0
3157,Nome não encontrado,4.0
3158,Nome não encontrado,2.0
3161,Nome não encontrado,0.0
3171,Nome não encontrado,0.0
3176,Nome não encontrado,0.0
3178,Nome não encontrado,0.0
3182,Nome não encontrado,119.0
3183,Nome não encontrado,0.0
3184,Nome não encontrado,0.0
3187,Nome não encontrado,38.0
3193,Nome não encontrado,0.0
3197,Nome não encontrado,1.0
3198,Nome não encontrado,1.0
3200,Nome não encontrado,2.0
3203,Nome não encontrado,1.0
3209,Nome não encontrado,1.0
3211,Nome não encontrado,0.0
3214,Nome não encontrado,1.0
3218,Nome não encontrado,46.0
3221,Nome não encontrado,6.0
3222,Nome não encontrado,5.0
3225,Nome não encontrado,1.0
3228,Nome não encontrado,1.0
3232,Nome não encontrado,0.0
3233,Nome não encontrado,1.0
3240,Nome não encontrado,2.0
3241,Nome não encontrado,2.0
3243,Nome não encontrado,4.0
3252,Nome não encontrado,0.0
3256,Nome não encontrado,4.0
3260,Nome não encontrado,103.0
3261,Nome não encontrado,140.0
3262,Nome não encontrado,1.0
3264,Nome não encontrado,1.0
3266,Nome não encontrado,0.0
3267,Nome não encontrado,10.0
3270,Nome não encontrado,1.0
3287,Nome não encontrado,1.0
3288,Nome não encontrado,26.0
3289,Nome não encontrado,0.0
3303,Nome não encontrado,0.0
3308,Nome não encontrado,2.0
3310,Nome não encontrado,275.0
3321,Nome não encontrado,337.0
3322,Nome não encontrado,0.0
3323,Nome não encontrado,0.0
3324,Nome não encontrado,0.0
3325,Nome não encontrado,0.0
3326,Nome não encontrado,0.0
3327,Nome não encontrado,1.0
3331,Nome não encontrado,0.0
3333,Nome não encontrado,2.0
3336,Nome não encontrado,16.0
3343,Nome não encontrado,3.0
3344,Nome não encontrado,0.0
3346,Nome não encontrado,1.0
3348,Nome não encontrado,0.0
3349,Nome não encontrado,0.0
3350,Nome não encontrado,0.0
3351,Nome não encontrado,0.0
3357,Nome não encontrado,1.0
3358,Nome não encontrado,3.0
336,Nome não encontrado,1.0
3360,Nome não encontrado,4.0
3362,Nome não encontrado,0.0
3364,Nome não encontrado,0.0
338,Nome não encontrado,2.0
3382,Nome não encontrado,2.0
3386,Nome não encontrado,0.0
3387,Nome não encontrado,0.0
3389,Nome não encontrado,1.0
3391,Nome não encontrado,3.0
3393,Nome não encontrado,2.0
3396,Nome não encontrado,3.0
3397,Nome não encontrado,3.0
3407,Nome não encontrado,1.0
3408,Nome não encontrado,0.0
3410,Nome não encontrado,170.0
3419,Nome não encontrado,1.0
3420,Nome não encontrado,1.0
3421,Nome não encontrado,1.0
3427,Nome não encontrado,0.0
3428,Nome não encontrado,0.0
3430,Nome não encontrado,1.0
3435,Nome não encontrado,0.0
3439,Nome não encontrado,0.0
344,Nome não encontrado,1.0
3443,Nome não encontrado,4.0
3444,Nome não encontrado,0.0
3445,Nome não encontrado,4.0
3446,Nome não encontrado,0.0
3452,Nome não encontrado,0.0
346,Nome não encontrado,0.0
3463,Nome não encontrado,0.0
3464,Nome não encontrado,2.0
3467,Nome não encontrado,0.0
3470,Nome não encontrado,0.0
3471,Nome não encontrado,0.0
3473,Nome não encontrado,0.0
3474,Nome não encontrado,1.0
3476,Nome não encontrado,0.0
3479,Nome não encontrado,0.0
3481,Nome não encontrado,0.0
3484,Nome não encontrado,2.0
3485,Nome não encontrado,0.0
3486,Nome não encontrado,0.0
3487,Nome não encontrado,0.0
3488,Nome não encontrado,0.0
3489,Nome não encontrado,0.0
3490,Nome não encontrado,0.0
3491,Nome não encontrado,2.0
3492,Nome não encontrado,0.0
3494,Nome não encontrado,0.0
3498,Nome não encontrado,0.0
3499,Nome não encontrado,0.0
3503,Nome não encontrado,-1.0
3504,Nome não encontrado,0.0
3514,Nome não encontrado,0.0
3517,Nome não encontrado,0.0
3522,Nome não encontrado,6.0
3524,Nome não encontrado,0.0
3525,Nome não encontrado,16.0
3528,Nome não encontrado,1.0
3536,Nome não encontrado,0.0
3547,Nome não encontrado,0.0
3549,Nome não encontrado,1.0
3551,Nome não encontrado,1.0
3564,Nome não encontrado,1366.0
3570,Nome não encontrado,0.0
3571,Nome não encontrado,0.0
3581,Nome não encontrado,1.0
3582,Nome não encontrado,0.0
3585,Nome não encontrado,0.0
3586,Nome não encontrado,1.0
3587,Nome não encontrado,0.0
3588,Nome não encontrado,2.0
3590,Nome não encontrado,32.0
3591,Nome não encontrado,4.0
3592,Nome não encontrado,120.0
3600,Nome não encontrado,0.0
3601,Nome não encontrado,0.0
3602,Nome não encontrado,0.0
3603,Nome não encontrado,0.0
3604,Nome não encontrado,0.0
3605,Nome não encontrado,0.0
3606,Nome não encontrado,0.0
3608,Nome não encontrado,0.0
3609,Nome não encontrado,0.0
3610,Nome não encontrado,-1.0
3611,Nome não encontrado,1.0
3612,Nome não encontrado,0.0
3613,Nome não encontrado,0.0
3614,Nome não encontrado,0.0
3615,Nome não encontrado,0.0
3616,Nome não encontrado,2.0
3617,Nome não encontrado,0.0
3618,Nome não encontrado,0.0
3621,Nome não encontrado,2.0
3622,Nome não encontrado,0.0
3623,Nome não encontrado,19.0
3624,Nome não encontrado,2.0
3625,Nome não encontrado,-1.0
3626,Nome não encontrado,0.0
3627,Nome não encontrado,8.0
3628,Nome não encontrado,0.0
3630,Nome não encontrado,0.0
3631,Nome não encontrado,0.0
3632,Nome não encontrado,0.0
3633,Nome não encontrado,0.0
3636,Nome não encontrado,2.0
3637,Nome não encontrado,2.0
3639,Nome não encontrado,0.0
3642,Nome não encontrado,0.0
3643,Nome não encontrado,0.0
3645,Nome não encontrado,0.0
3646,Nome não encontrado,0.0
3647,Nome não encontrado,0.0
3649,Nome não encontrado,0.0
3650,Nome não encontrado,0.0
3651,Nome não encontrado,0.0
3652,Nome não encontrado,0.0
3653,Nome não encontrado,1.0
3657,Nome não encontrado,0.0
3658,Nome não encontrado,1.0
3659,Nome não encontrado,1.0
3661,Nome não encontrado,2.0
3662,Nome não encontrado,3.0
3663,Nome não encontrado,0.0
3664,Nome não encontrado,0.0
3665,Nome não encontrado,0.0
3668,Nome não encontrado,0.0
3669,Nome não encontrado,0.0
3670,Nome não encontrado,0.0
3671,Nome não encontrado,347.0
3672,Nome não encontrado,0.0
3673,Nome não encontrado,0.0
3675,Nome não encontrado,0.0
3676,Nome não encontrado,0.0
3677,Nome não encontrado,0.0
3678,Nome não encontrado,0.0
3679,Nome não encontrado,0.0
3680,Nome não encontrado,0.0
3681,Nome não encontrado,0.0
3682,Nome não encontrado,1.0
3684,Nome não encontrado,1.0
3685,Nome não encontrado,0.0
3686,Nome não encontrado,1.0
3688,Nome não encontrado,0.0
3689,Nome não encontrado,3.0
3691,Nome não encontrado,46.0
3692,Nome não encontrado,0.0
3693,Nome não encontrado,0.0
3694,Nome não encontrado,0.0
3695,Nome não encontrado,0.0
3696,Nome não encontrado,0.0
3697,Nome não encontrado,0.0
3699,Nome não encontrado,1.0
3700,Nome não encontrado,0.0
3701,Nome não encontrado,1.0
3702,Nome não encontrado,1.0
3703,Nome não encontrado,0.0
3704,Nome não encontrado,8.0
3705,Nome não encontrado,0.0
3706,Nome não encontrado,0.0
3707,Nome não encontrado,0.0
3709,Nome não encontrado,0.0
3710,Nome não encontrado,0.0
3711,Nome não encontrado,1.0
3712,Nome não encontrado,0.0
3713,Nome não encontrado,0.0
3714,Nome não encontrado,0.0
3715,Nome não encontrado,0.0
3716,Nome não encontrado,0.0
3717,Nome não encontrado,6.0
3718,Nome não encontrado,0.0
3719,Nome não encontrado,2.0
3721,Nome não encontrado,0.0
3722,Nome não encontrado,0.0
3723,Nome não encontrado,0.0
3724,Nome não encontrado,0.0
3725,Nome não encontrado,0.0
3726,Nome não encontrado,0.0
3727,Nome não encontrado,4.0
3728,Nome não encontrado,0.0
3729,Nome não encontrado,550.0
3730,Nome não encontrado,2.0
3731,Nome não encontrado,36.0
3732,Nome não encontrado,0.0
3734,Nome não encontrado,1.0
3736,Nome não encontrado,0.0
3737,Nome não encontrado,0.0
3738,Nome não encontrado,0.0
3739,Nome não encontrado,0.0
3740,Nome não encontrado,1.0
3741,Nome não encontrado,19.0
3742,Nome não encontrado,5.0
3743,Nome não encontrado,1.0
3744,Nome não encontrado,0.0
3745,Nome não encontrado,0.0
3746,Nome não encontrado,0.0
3748,Nome não encontrado,1.0
3749,Nome não encontrado,1.0
375,Nome não encontrado,3.0
3752,Nome não encontrado,5.0
3753,Nome não encontrado,3.0
3754,Nome não encontrado,5.0
3755,Nome não encontrado,10.0
3756,Nome não encontrado,42.0
3757,Nome não encontrado,0.0
3758,Nome não encontrado,53.0
3759,Nome não encontrado,12.0
3760,Nome não encontrado,84.0
3761,Nome não encontrado,0.0
3762,Nome não encontrado,1.0
3763,Nome não encontrado,1.0
3764,Nome não encontrado,5.0
3765,Nome não encontrado,168.0
3766,Nome não encontrado,0.0
3767,Nome não encontrado,1.0
3768,Nome não encontrado,2.0
3771,Nome não encontrado,2.0
3772,Nome não encontrado,2.0
3773,Nome não encontrado,1.0
3774,Nome não encontrado,2.0
3775,Nome não encontrado,0.0
3776,Nome não encontrado,0.0
3777,Nome não encontrado,0.0
3778,Nome não encontrado,0.0
3779,Nome não encontrado,3.0
3780,Nome não encontrado,0.0
3781,Nome não encontrado,1.0
3782,Nome não encontrado,0.0
3783,Nome não encontrado,0.0
3784,Nome não encontrado,0.0
3785,Nome não encontrado,0.0
3786,Nome não encontrado,0.0
3787,Nome não encontrado,0.0
3788,Nome não encontrado,0.0
3789,Nome não encontrado,0.0
3790,Nome não encontrado,1.0
3791,Nome não encontrado,0.0
3792,Nome não encontrado,1.0
3795,Nome não encontrado,0.0
3796,Nome não encontrado,1.0
3797,Nome não encontrado,0.0
3798,Nome não encontrado,0.0
3799,Nome não encontrado,1.0
3800,Nome não encontrado,2.0
3801,Nome não encontrado,0.0
3802,Nome não encontrado,8.0
3803,Nome não encontrado,1.0
3804,Nome não encontrado,1.0
3805,Nome não encontrado,2.0
3806,Nome não encontrado,8.0
3807,Nome não encontrado,0.0
3809,Nome não encontrado,0.0
3811,Nome não encontrado,0.0
3812,Nome não encontrado,0.0
3813,Nome não encontrado,0.0
3814,Nome não encontrado,0.0
3815,Nome não encontrado,0.0
3817,Nome não encontrado,0.0
3818,Nome não encontrado,0.0
3819,Nome não encontrado,0.0
3820,Nome não encontrado,5.0
3821,Nome não encontrado,0.0
3822,Nome não encontrado,5.0
3823,Nome não encontrado,0.0
3824,Nome não encontrado,2.0
3825,Nome não encontrado,0.0
3827,Nome não encontrado,0.0
3828,Nome não encontrado,1.0
3829,Nome não encontrado,0.0
3830,Nome não encontrado,1.0
3831,Nome não encontrado,0.0
3832,Nome não encontrado,6.0
3833,Nome não encontrado,0.0
3834,Nome não encontrado,3.0
3835,Nome não encontrado,0.0
3836,Nome não encontrado,0.0
3837,Nome não encontrado,1.0
3838,Nome não encontrado,1.0
3839,Nome não encontrado,1.0
3840,Nome não encontrado,2.0
3841,Nome não encontrado,2.0
3842,Nome não encontrado,1.0
3843,Nome não encontrado,6.0
3844,Nome não encontrado,0.0
3845,Nome não encontrado,0.0
3846,Nome não encontrado,0.0
3847,Nome não encontrado,5.0
3848,Nome não encontrado,2.0
3850,Nome não encontrado,0.0
3851,Nome não encontrado,0.0
3852,Nome não encontrado,0.0
3853,Nome não encontrado,0.0
3854,Nome não encontrado,2.0
3855,Nome não encontrado,0.0
3856,Nome não encontrado,0.0
3858,Nome não encontrado,1.0
3859,Nome não encontrado,1.0
3860,Nome não encontrado,1.0
3861,Nome não encontrado,0.0
3862,Nome não encontrado,0.0
3863,Nome não encontrado,0.0
3864,Nome não encontrado,0.0
3866,Nome não encontrado,0.0
3867,Nome não encontrado,1.0
3868,Nome não encontrado,2.0
3870,Nome não encontrado,0.0
3871,Nome não encontrado,0.0
3872,Nome não encontrado,0.0
3874,Nome não encontrado,0.0
3875,Nome não encontrado,0.0
3876,Nome não encontrado,0.0
3877,Nome não encontrado,0.0
3878,Nome não encontrado,0.0
3879,Nome não encontrado,0.0
388,Nome não encontrado,1.0
3880,Nome não encontrado,0.0
3881,Nome não encontrado,0.0
3882,Nome não encontrado,0.0
3883,Nome não encontrado,0.0
3884,Nome não encontrado,1.0
3886,Nome não encontrado,1.0
3887,Nome não encontrado,3.0
3888,Nome não encontrado,2.0
3890,Nome não encontrado,0.0
3891,Nome não encontrado,1.0
3892,Nome não encontrado,0.0
3893,Nome não encontrado,0.0
3894,Nome não encontrado,0.0
3897,Nome não encontrado,1.0
3898,Nome não encontrado,0.0
390,Nome não encontrado,1.0
3900,Nome não encontrado,0.0
3901,Nome não encontrado,1.0
3902,Nome não encontrado,0.0
3903,Nome não encontrado,1.0
3904,Nome não encontrado,1.0
3905,Nome não encontrado,0.0
3906,Nome não encontrado,1.0
3907,Nome não encontrado,0.0
3908,Nome não encontrado,0.0
3909,Nome não encontrado,0.0
391,Nome não encontrado,0.0
3910,Nome não encontrado,0.0
3911,Nome não encontrado,0.0
3912,Nome não encontrado,1.0
3913,Nome não encontrado,1.0
3914,Nome não encontrado,0.0
3915,Nome não encontrado,1.0
3916,Nome não encontrado,18.0
3917,Nome não encontrado,0.0
3918,Nome não encontrado,0.0
3919,Nome não encontrado,4.0
3920,Nome não encontrado,0.0
3921,Nome não encontrado,0.0
3922,Nome não encontrado,0.0
3923,Nome não encontrado,0.0
3924,Nome não encontrado,0.0
3925,Nome não encontrado,0.0
3926,Nome não encontrado,43.0
3927,Nome não encontrado,0.0
3928,Nome não encontrado,0.0
3929,Nome não encontrado,0.0
3930,Nome não encontrado,1.0
3931,Nome não encontrado,0.0
3932,Nome não encontrado,0.0
3933,Nome não encontrado,0.0
3934,Nome não encontrado,30.0
3935,Nome não encontrado,1.0
3936,Nome não encontrado,0.0
3938,Nome não encontrado,1.0
3939,Nome não encontrado,5.0
394,Nome não encontrado,5.0
3941,Nome não encontrado,5.0
3943,Nome não encontrado,0.0
3944,Nome não encontrado,1.0
3945,Nome não encontrado,9.0
3946,Nome não encontrado,6.0
3947,Nome não encontrado,0.0
3948,Nome não encontrado,0.0
3949,Nome não encontrado,0.0
3950,Nome não encontrado,0.0
3951,Nome não encontrado,0.0
3952,Nome não encontrado,0.0
3954,Nome não encontrado,0.0
3955,Nome não encontrado,0.0
3956,Nome não encontrado,0.0
3957,Nome não encontrado,1.0
3958,Nome não encontrado,0.0
3959,Nome não encontrado,0.0
3960,Nome não encontrado,2.0
3961,Nome não encontrado,0.0
3962,Nome não encontrado,0.0
3963,Nome não encontrado,0.0
3964,Nome não encontrado,0.0
3965,Nome não encontrado,0.0
3966,Nome não encontrado,0.0
3967,Nome não encontrado,0.0
3968,Nome não encontrado,0.0
3969,Nome não encontrado,1.0
3970,Nome não encontrado,1.0
3971,Nome não encontrado,0.0
3972,Nome não encontrado,0.0
3973,Nome não encontrado,4.0
3974,Nome não encontrado,0.0
3975,Nome não encontrado,12.0
3976,Nome não encontrado,0.0
3977,Nome não encontrado,2.0
3978,Nome não encontrado,0.0
3979,Nome não encontrado,1.0
3980,Nome não encontrado,10.0
3981,Nome não encontrado,0.0
3982,Nome não encontrado,0.0
3983,Nome não encontrado,0.0
3984,Nome não encontrado,0.0
3985,Nome não encontrado,0.0
3986,Nome não encontrado,0.0
3987,Nome não encontrado,1.0
3988,Nome não encontrado,3.0
3989,Nome não encontrado,0.0
3990,Nome não encontrado,0.0
3991,Nome não encontrado,1.0
3992,Nome não encontrado,3.0
3993,Nome não encontrado,6.0
3994,Nome não encontrado,2.0
3995,Nome não encontrado,0.0
3996,Nome não encontrado,0.0
3997,Nome não encontrado,0.0
3998,Nome não encontrado,1004.0
3999,Nome não encontrado,0.0
4000,Nome não encontrado,1.0
4001,Nome não encontrado,0.0
4002,Nome não encontrado,1.0
4003,Nome não encontrado,2.0
4004,Nome não encontrado,1151.0
4005,Nome não encontrado,206.0
4006,Nome não encontrado,0.0
4007,Nome não encontrado,0.0
4008,Nome não encontrado,0.0
4009,Nome não encontrado,0.0
4010,Nome não encontrado,0.0
4011,Nome não encontrado,0.0
4012,Nome não encontrado,0.0
4013,Nome não encontrado,0.0
4014,Nome não encontrado,0.0
4015,Nome não encontrado,0.0
4016,Nome não encontrado,0.0
4017,Nome não encontrado,3.0
4018,Nome não encontrado,1.0
4019,Nome não encontrado,1.0
4020,Nome não encontrado,0.0
4021,Nome não encontrado,0.0
4022,Nome não encontrado,0.0
4023,Nome não encontrado,10.0
4024,Nome não encontrado,15.0
4025,Nome não encontrado,0.0
4026,Nome não encontrado,0.0
4027,Nome não encontrado,0.0
4028,Nome não encontrado,1.0
4030,Nome não encontrado,0.0
4031,Nome não encontrado,0.0
4032,Nome não encontrado,2.0
4034,Nome não encontrado,0.0
4036,Nome não encontrado,0.0
4037,Nome não encontrado,0.0
4038,Nome não encontrado,1.0
4040,Nome não encontrado,0.0
4041,Nome não encontrado,7.0
4042,Nome não encontrado,0.0
4043,Nome não encontrado,0.0
4044,Nome não encontrado,2.0
4045,Nome não encontrado,0.0
4046,Nome não encontrado,2.0
4048,Nome não encontrado,12.0
4049,Nome não encontrado,0.0
405,Nome não encontrado,0.0
4050,Nome não encontrado,18.0
4051,Nome não encontrado,4.0
4053,Nome não encontrado,0.0
4054,Nome não encontrado,3.0
4055,Nome não encontrado,0.0
4056,Nome não encontrado,0.0
4058,Nome não encontrado,1.0
406,Nome não encontrado,0.0
4060,Nome não encontrado,2.0
4063,Nome não encontrado,0.0
4064,Nome não encontrado,13.0
4065,Nome não encontrado,0.0
4066,Nome não encontrado,0.0
4067,Nome não encontrado,0.0
4068,Nome não encontrado,0.0
407,Nome não encontrado,0.0
4070,Nome não encontrado,0.0
4071,Nome não encontrado,0.0
4072,Nome não encontrado,1.0
4073,Nome não encontrado,33.0
4074,Nome não encontrado,0.0
4075,Nome não encontrado,1.0
4076,Nome não encontrado,0.0
4078,Nome não encontrado,0.0
4079,Nome não encontrado,0.0
4080,Nome não encontrado,0.0
4081,Nome não encontrado,21.0
4082,Nome não encontrado,0.0
4083,Nome não encontrado,1.0
4084,Nome não encontrado,1.0
4086,Nome não encontrado,0.0
4087,Nome não encontrado,0.0
4088,Nome não encontrado,1.0
4089,Nome não encontrado,0.0
4090,Nome não encontrado,1.0
4091,Nome não encontrado,1.0
4092,Nome não encontrado,0.0
4093,Nome não encontrado,17.0
4094,Nome não encontrado,1850.0
4095,Nome não encontrado,0.0
4096,Nome não encontrado,0.0
4097,Nome não encontrado,1.0
4098,Nome não encontrado,0.0
4099,Nome não encontrado,0.0
4100,Nome não encontrado,0.0
4101,Nome não encontrado,1.0
4102,Nome não encontrado,0.0
4103,Nome não encontrado,0.0
4104,Nome não encontrado,0.0
4105,Nome não encontrado,17.0
4106,Nome não encontrado,7.0
4107,Nome não encontrado,1.0
4108,Nome não encontrado,0.0
4109,Nome não encontrado,0.0
4110,Nome não encontrado,0.0
4111,Nome não encontrado,0.0
4112,Nome não encontrado,0.0
4113,Nome não encontrado,1.0
4114,Nome não encontrado,0.0
4115,Nome não encontrado,0.0
4116,Nome não encontrado,0.0
4117,Nome não encontrado,0.0
4118,Nome não encontrado,1.0
4120,Nome não encontrado,2.0
4121,Nome não encontrado,0.0
4122,Nome não encontrado,2.0
4123,Nome não encontrado,0.0
4124,Nome não encontrado,1.0
4125,Nome não encontrado,0.0
4126,Nome não encontrado,11.0
4128,Nome não encontrado,42.0
4129,Nome não encontrado,1.0
4130,Nome não encontrado,1.0
4131,Nome não encontrado,1.0
4132,Nome não encontrado,1.0
4133,Nome não encontrado,0.0
4134,Nome não encontrado,0.0
4135,Nome não encontrado,5.0
4136,Nome não encontrado,0.0
4137,Nome não encontrado,2.0
4138,Nome não encontrado,0.0
4139,Nome não encontrado,4.0
4140,Nome não encontrado,0.0
4141,Nome não encontrado,0.0
4142,Nome não encontrado,0.0
4143,Nome não encontrado,0.0
4145,Nome não encontrado,174.0
4146,Nome não encontrado,0.0
4147,Nome não encontrado,3.0
4148,Nome não encontrado,0.0
4150,Nome não encontrado,2.0
4151,Nome não encontrado,2.0
4152,Nome não encontrado,0.0
4153,Nome não encontrado,0.0
4154,Nome não encontrado,4.0
4155,Nome não encontrado,6.0
4156,Nome não encontrado,0.0
4157,Nome não encontrado,0.0
4158,Nome não encontrado,0.0
4159,Nome não encontrado,0.0
416,Nome não encontrado,5.0
4160,Nome não encontrado,1.0
4161,Nome não encontrado,0.0
4162,Nome não encontrado,0.0
4164,Nome não encontrado,3.0
4166,Nome não encontrado,47.0
4167,Nome não encontrado,7.0
4169,Nome não encontrado,5.0
4171,Nome não encontrado,0.0
4172,Nome não encontrado,2.0
4174,Nome não encontrado,1.0
4175,Nome não encontrado,0.0
4176,Nome não encontrado,1.0
4177,Nome não encontrado,0.0
4178,Nome não encontrado,4.0
4179,Nome não encontrado,0.0
4180,Nome não encontrado,1.0
4181,Nome não encontrado,0.0
4182,Nome não encontrado,0.0
4184,Nome não encontrado,0.0
4185,Nome não encontrado,4.0
4187,Nome não encontrado,0.0
4188,Nome não encontrado,0.0
4189,Nome não encontrado,4.0
4190,Nome não encontrado,24.0
4191,Nome não encontrado,0.0
4193,Nome não encontrado,0.0
4196,Nome não encontrado,0.0
4197,Nome não encontrado,0.0
4198,Nome não encontrado,0.0
4200,Nome não encontrado,0.0
4201,Nome não encontrado,0.0
4202,Nome não encontrado,1.0
4203,Nome não encontrado,12.0
4204,Nome não encontrado,11.0
4206,Nome não encontrado,0.0
4207,Nome não encontrado,0.0
4208,Nome não encontrado,0.0
4209,Nome não encontrado,1.0
4210,Nome não encontrado,0.0
4211,Nome não encontrado,4.0
4212,Nome não encontrado,2.0
4213,Nome não encontrado,1.0
4215,Nome não encontrado,1.0
4216,Nome não encontrado,0.0
4217,Nome não encontrado,0.0
4218,Nome não encontrado,0.0
4219,Nome não encontrado,0.0
4220,Nome não encontrado,2.0
4221,Nome não encontrado,1.0
4222,Nome não encontrado,0.0
4223,Nome não encontrado,0.0
4224,Nome não encontrado,1.0
4225,Nome não encontrado,0.0
4227,Nome não encontrado,0.0
4228,Nome não encontrado,2.0
4229,Nome não encontrado,0.0
423,Nome não encontrado,0.0
4230,Nome não encontrado,2.0
4231,Nome não encontrado,8.0
4232,Nome não encontrado,5.0
4233,Nome não encontrado,0.0
4234,Nome não encontrado,0.0
4235,Nome não encontrado,1.0
4236,Nome não encontrado,0.0
4237,Nome não encontrado,0.0
4238,Nome não encontrado,1.0
4239,Nome não encontrado,0.0
4241,Nome não encontrado,0.0
4243,Nome não encontrado,0.0
4244,Nome não encontrado,0.0
4245,Nome não encontrado,8.0
4246,Nome não encontrado,2.0
4248,Nome não encontrado,1.0
4249,Nome não encontrado,0.0
4250,Nome não encontrado,11.0
4251,Nome não encontrado,3.0
4252,Nome não encontrado,3.0
4253,Nome não encontrado,3.0
4254,Nome não encontrado,3.0
4255,Nome não encontrado,6.0
4257,Nome não encontrado,0.0
4258,Nome não encontrado,30.0
4259,Nome não encontrado,0.0
4260,Nome não encontrado,4.0
4261,Nome não encontrado,1.0
4262,Nome não encontrado,0.0
4263,Nome não encontrado,1.0
4265,Nome não encontrado,0.0
4266,Nome não encontrado,0.0
4267,Nome não encontrado,0.0
4268,Nome não encontrado,3.0
4269,Nome não encontrado,2.0
427,Nome não encontrado,1.0
4270,Nome não encontrado,0.0
4271,Nome não encontrado,0.0
4272,Nome não encontrado,0.0
4274,Nome não encontrado,0.0
4275,Nome não encontrado,48.0
4276,Nome não encontrado,5.0
4277,Nome não encontrado,-1.0
4278,Nome não encontrado,0.0
4279,Nome não encontrado,0.0
4280,Nome não encontrado,0.0
4281,Nome não encontrado,0.0
4282,Nome não encontrado,0.0
4283,Nome não encontrado,0.0
4284,Nome não encontrado,4.0
4285,Nome não encontrado,0.0
4286,Nome não encontrado,12.0
4287,Nome não encontrado,4.0
4288,Nome não encontrado,2.0
4289,Nome não encontrado,6.0
4290,Nome não encontrado,19.0
4291,Nome não encontrado,18.0
4292,Nome não encontrado,13.0
4293,Nome não encontrado,1.0
4294,Nome não encontrado,1.0
4295,Nome não encontrado,28.0
4296,Nome não encontrado,2.0
4297,Nome não encontrado,0.0
4298,Nome não encontrado,0.0
4299,Nome não encontrado,0.0
4300,Nome não encontrado,0.0
4301,Nome não encontrado,0.0
4302,Nome não encontrado,0.0
4303,Nome não encontrado,2.0
4304,Nome não encontrado,9.0
4305,Nome não encontrado,0.0
4306,Nome não encontrado,3.0
4307,Nome não encontrado,1.0
4308,Nome não encontrado,0.0
4309,Nome não encontrado,3.0
4310,Nome não encontrado,0.0
4311,Nome não encontrado,0.0
4312,Nome não encontrado,18.0
4313,Nome não encontrado,6.0
4316,Nome não encontrado,0.0
4317,Nome não encontrado,0.0
4318,Nome não encontrado,0.0
4319,Nome não encontrado,0.0
4320,Nome não encontrado,0.0
4324,Nome não encontrado,0.0
4325,Nome não encontrado,0.0
4326,Nome não encontrado,1.0
4327,Nome não encontrado,1.0
4328,Nome não encontrado,1.0
433,Nome não encontrado,1.0
4330,Nome não encontrado,1.0
4332,Nome não encontrado,2.0
4333,Nome não encontrado,0.0
4334,Nome não encontrado,1.0
4335,Nome não encontrado,0.0
4336,Nome não encontrado,8.0
4337,Nome não encontrado,2.0
4338,Nome não encontrado,2.0
4339,Nome não encontrado,0.0
434,Nome não encontrado,0.0
4340,Nome não encontrado,1.0
4341,Nome não encontrado,5.0
4342,Nome não encontrado,0.0
4343,Nome não encontrado,1.0
4344,Nome não encontrado,0.0
4345,Nome não encontrado,3.0
4346,Nome não encontrado,0.0
4347,Nome não encontrado,0.0
4349,Nome não encontrado,0.0
435,Nome não encontrado,0.0
4351,Nome não encontrado,1.0
4352,Nome não encontrado,1.0
4353,Nome não encontrado,0.0
4354,Nome não encontrado,13.0
4355,Nome não encontrado,0.0
4356,Nome não encontrado,0.0
4357,Nome não encontrado,0.0
4358,Nome não encontrado,1.0
4359,Nome não encontrado,0.0
4360,Nome não encontrado,0.0
4361,Nome não encontrado,0.0
4362,Nome não encontrado,1.0
4363,Nome não encontrado,0.0
4364,Nome não encontrado,11.0
4366,Nome não encontrado,0.0
4368,Nome não encontrado,1.0
4370,Nome não encontrado,4.0
4371,Nome não encontrado,2.0
4372,Nome não encontrado,150.0
4374,Nome não encontrado,4.0
4375,Nome não encontrado,0.0
4376,Nome não encontrado,42.0
4377,Nome não encontrado,0.0
4378,Nome não encontrado,0.0
4379,Nome não encontrado,0.0
4381,Nome não encontrado,1.0
4382,Nome não encontrado,0.0
4383,Nome não encontrado,2.0
4385,Nome não encontrado,1.0
4386,Nome não encontrado,1.0
4388,Nome não encontrado,0.0
4389,Nome não encontrado,0.0
439,Nome não encontrado,0.0
4390,Nome não encontrado,1246.0
4391,Nome não encontrado,17.0
4392,Nome não encontrado,0.0
4393,Nome não encontrado,0.0
4394,Nome não encontrado,7.0
4397,Nome não encontrado,3.0
4398,Nome não encontrado,0.0
4399,Nome não encontrado,1.0
4400,Nome não encontrado,1.0
4401,Nome não encontrado,0.0
4402,Nome não encontrado,0.0
4403,Nome não encontrado,0.0
4404,Nome não encontrado,0.0
4405,Nome não encontrado,1.0
4406,Nome não encontrado,1.0
4407,Nome não encontrado,0.0
4408,Nome não encontrado,1.0
4409,Nome não encontrado,0.0
4410,Nome não encontrado,1.0
4411,Nome não encontrado,11.0
4412,Nome não encontrado,6.0
4414,Nome não encontrado,0.0
4415,Nome não encontrado,0.0
4416,Nome não encontrado,0.0
4417,Nome não encontrado,0.0
4418,Nome não encontrado,1.0
4422,Nome não encontrado,7.0
4423,Nome não encontrado,15.0
4424,Nome não encontrado,4.0
4425,Nome não encontrado,1.0
4426,Nome não encontrado,0.0
4427,Nome não encontrado,7.0
4428,Nome não encontrado,0.0
4430,Nome não encontrado,0.0
4431,Nome não encontrado,11.0
4432,Nome não encontrado,0.0
4433,Nome não encontrado,0.0
4434,Nome não encontrado,0.0
4435,Nome não encontrado,0.0
4436,Nome não encontrado,0.0
4438,Nome não encontrado,0.0
4439,Nome não encontrado,0.0
4440,Nome não encontrado,1.0
4441,Nome não encontrado,0.0
4442,Nome não encontrado,1.0
4443,Nome não encontrado,3.0
4444,Nome não encontrado,0.0
4445,Nome não encontrado,0.0
4447,Nome não encontrado,0.0
4448,Nome não encontrado,5.0
4449,Nome não encontrado,0.0
4450,Nome não encontrado,0.0
4451,Nome não encontrado,8.0
4452,Nome não encontrado,10.0
4453,Nome não encontrado,8.0
4454,Nome não encontrado,15.0
4455,Nome não encontrado,15.0
4456,Nome não encontrado,10.0
4459,Nome não encontrado,0.0
4460,Nome não encontrado,0.0
4461,Nome não encontrado,0.0
4462,Nome não encontrado,3.0
4466,Nome não encontrado,0.0
4467,Nome não encontrado,10.0
4468,Nome não encontrado,1.0
4469,Nome não encontrado,0.0
4470,Nome não encontrado,9.0
4471,Nome não encontrado,1.0
4472,Nome não encontrado,24.0
4473,Nome não encontrado,27.0
4474,Nome não encontrado,0.0
4475,Nome não encontrado,0.0
4476,Nome não encontrado,43.0
4477,Nome não encontrado,0.0
4478,Nome não encontrado,0.0
4479,Nome não encontrado,6.0
4480,Nome não encontrado,1.0
4481,Nome não encontrado,50.0
4482,Nome não encontrado,65.0
4483,Nome não encontrado,1.0
4484,Nome não encontrado,18.0
4485,Nome não encontrado,0.0
4486,Nome não encontrado,24.0
4487,Nome não encontrado,1.0
4489,Nome não encontrado,32.0
449,Nome não encontrado,1.0
4490,Nome não encontrado,2.0
4491,Nome não encontrado,1.0
4492,Nome não encontrado,0.0
4493,Nome não encontrado,0.0
4494,Nome não encontrado,2.0
4495,Nome não encontrado,4.0
4496,Nome não encontrado,8.0
4497,Nome não encontrado,0.0
4498,Nome não encontrado,0.0
4499,Nome não encontrado,0.0
4500,Nome não encontrado,0.0
4501,Nome não encontrado,0.0
4502,Nome não encontrado,1.0
4503,Nome não encontrado,1.0
4504,Nome não encontrado,1.0
4505,Nome não encontrado,1.0
4507,Nome não encontrado,1.0
4509,Nome não encontrado,0.0
4511,Nome não encontrado,0.0
4512,Nome não encontrado,2.0
4513,Nome não encontrado,434.82
4514,Nome não encontrado,10.0
4515,Nome não encontrado,26.0
4516,Nome não encontrado,3.0
4517,Nome não encontrado,5.0
4518,Nome não encontrado,30.0
4519,Nome não encontrado,1.0
4521,Nome não encontrado,5.0
4522,Nome não encontrado,0.0
4523,Nome não encontrado,0.0
4524,Nome não encontrado,0.0
4526,Nome não encontrado,18.0
4528,Nome não encontrado,0.0
4529,Nome não encontrado,1.0
4530,Nome não encontrado,2.0
4531,Nome não encontrado,3.0
4533,Nome não encontrado,0.0
4534,Nome não encontrado,2.0
4535,Nome não encontrado,2.0
4536,Nome não encontrado,1.0
4537,Nome não encontrado,0.0
4538,Nome não encontrado,1.0
4539,Nome não encontrado,2.0
4540,Nome não encontrado,0.0
4541,Nome não encontrado,0.0
4542,Nome não encontrado,6.0
4544,Nome não encontrado,1.0
4545,Nome não encontrado,2.0
4546,Nome não encontrado,1.0
4547,Nome não encontrado,1.0
4549,Nome não encontrado,2.0
4550,Nome não encontrado,3.0
4551,Nome não encontrado,1.0
4552,Nome não encontrado,2.0
4554,Nome não encontrado,1.0
4557,Nome não encontrado,1.0
4558,Nome não encontrado,1.0
4559,Nome não encontrado,1.0
4560,Nome não encontrado,3.0
4561,Nome não encontrado,1.0
4562,Nome não encontrado,0.0
4563,Nome não encontrado,3.0
4564,Nome não encontrado,4.0
4565,Nome não encontrado,2.0
4566,Nome não encontrado,5.0
4567,Nome não encontrado,1.0
4568,Nome não encontrado,0.0
4569,Nome não encontrado,1.0
457,Nome não encontrado,0.0
4570,Nome não encontrado,1.0
4571,Nome não encontrado,1.0
4573,Nome não encontrado,8.0
4574,Nome não encontrado,3.0
4575,Nome não encontrado,1.0
4576,Nome não encontrado,0.0
4577,Nome não encontrado,0.0
4578,Nome não encontrado,2.0
4579,Nome não encontrado,7.0
458,Nome não encontrado,1.0
4580,Nome não encontrado,7.0
4581,Nome não encontrado,4.0
4582,Nome não encontrado,4.0
4583,Nome não encontrado,0.0
4584,Nome não encontrado,0.0
4585,Nome não encontrado,1.0
4586,Nome não encontrado,0.0
4589,Nome não encontrado,2.0
4590,Nome não encontrado,1.0
4591,Nome não encontrado,0.0
4592,Nome não encontrado,0.0
4593,Nome não encontrado,0.0
4594,Nome não encontrado,0.0
4595,Nome não encontrado,0.0
4596,Nome não encontrado,1.0
4597,Nome não encontrado,1.0
4598,Nome não encontrado,1.0
4599,Nome não encontrado,1.0
4600,Nome não encontrado,1.0
4601,Nome não encontrado,1.0
4603,Nome não encontrado,0.0
4604,Nome não encontrado,6.0
4605,Nome não encontrado,6.0
4606,Nome não encontrado,2.0
4607,Nome não encontrado,1.0
4608,Nome não encontrado,4.0
4609,Nome não encontrado,0.0
461,Nome não encontrado,0.0
4610,Nome não encontrado,2.0
4611,Nome não encontrado,1.0
4612,Nome não encontrado,1.0
4613,Nome não encontrado,1.0
4614,Nome não encontrado,0.0
4615,Nome não encontrado,0.0
4616,Nome não encontrado,2.0
4617,Nome não encontrado,0.0
4618,Nome não encontrado,1.0
4619,Nome não encontrado,2.0
462,Nome não encontrado,0.0
4620,Nome não encontrado,0.0
4622,Nome não encontrado,1.0
4623,Nome não encontrado,1.0
4625,Nome não encontrado,3.0
4626,Nome não encontrado,0.0
4627,Nome não encontrado,0.0
4628,Nome não encontrado,2.0
4629,Nome não encontrado,1.0
4630,Nome não encontrado,1.0
4633,Nome não encontrado,1.0
4634,Nome não encontrado,1.0
4635,Nome não encontrado,2.0
4636,Nome não encontrado,4.0
4637,Nome não encontrado,2.0
4638,Nome não encontrado,0.0
4639,Nome não encontrado,3.0
4640,Nome não encontrado,0.0
4641,Nome não encontrado,1.0
4642,Nome não encontrado,0.0
4643,Nome não encontrado,2.0
4644,Nome não encontrado,0.0
4645,Nome não encontrado,0.0
4646,Nome não encontrado,8.0
4647,Nome não encontrado,1.0
4648,Nome não encontrado,0.0
4649,Nome não encontrado,2.0
4650,Nome não encontrado,5.0
4651,Nome não encontrado,0.0
4652,Nome não encontrado,0.0
4653,Nome não encontrado,0.0
4654,Nome não encontrado,0.0
4655,Nome não encontrado,13.0
4656,Nome não encontrado,8.0
4657,Nome não encontrado,11.0
4659,Nome não encontrado,2.0
4660,Nome não encontrado,2.0
4661,Nome não encontrado,2.0
4662,Nome não encontrado,1.0
4663,Nome não encontrado,0.0
4665,Nome não encontrado,1.0
4666,Nome não encontrado,1.0
4667,Nome não encontrado,1.0
4668,Nome não encontrado,0.0
4669,Nome não encontrado,1.0
4671,Nome não encontrado,1.0
4673,Nome não encontrado,31.0
4675,Nome não encontrado,0.0
4676,Nome não encontrado,7.0
4677,Nome não encontrado,1.0
4679,Nome não encontrado,1.0
4680,Nome não encontrado,1.0
4681,Nome não encontrado,1.0
4682,Nome não encontrado,1.0
4683,Nome não encontrado,0.0
4684,Nome não encontrado,1.0
4685,Nome não encontrado,0.0
4686,Nome não encontrado,1.0
4688,Nome não encontrado,0.0
4689,Nome não encontrado,0.0
4690,Nome não encontrado,0.0
4692,Nome não encontrado,0.0
4693,Nome não encontrado,0.0
4694,Nome não encontrado,0.0
4695,Nome não encontrado,49.0
4696,Nome não encontrado,3.0
4697,Nome não encontrado,76.0
4698,Nome não encontrado,5.0
4699,Nome não encontrado,1.0
4701,Nome não encontrado,0.0
4703,Nome não encontrado,1.0
4704,Nome não encontrado,6.0
4705,Nome não encontrado,2.0
4706,Nome não encontrado,1.0
4707,Nome não encontrado,1.0
4708,Nome não encontrado,0.0
4709,Nome não encontrado,1.0
4710,Nome não encontrado,0.0
4711,Nome não encontrado,16.0
4712,Nome não encontrado,0.0
4715,Nome não encontrado,1.0
4717,Nome não encontrado,17.0
4719,Nome não encontrado,3.0
4720,Nome não encontrado,1.0
4722,Nome não encontrado,1.0
4723,Nome não encontrado,3.0
4724,Nome não encontrado,47.0
4726,Nome não encontrado,2.0
4727,Nome não encontrado,1.0
4728,Nome não encontrado,1.0
4729,Nome não encontrado,1.0
4730,Nome não encontrado,3.0
4731,Nome não encontrado,1.0
4732,Nome não encontrado,0.0
4734,Nome não encontrado,0.0
4735,Nome não encontrado,0.0
4736,Nome não encontrado,0.0
4738,Nome não encontrado,1.0
4739,Nome não encontrado,9.0
4740,Nome não encontrado,1.0
4741,Nome não encontrado,2.0
4742,Nome não encontrado,0.0
4743,Nome não encontrado,0.0
4744,Nome não encontrado,1.0
4746,Nome não encontrado,1.0
4748,Nome não encontrado,0.0
4749,Nome não encontrado,1.0
4750,Nome não encontrado,1.0
4751,Nome não encontrado,0.0
4752,Nome não encontrado,4.0
4753,Nome não encontrado,3.0
4754,Nome não encontrado,1.0
4755,Nome não encontrado,1.0
4756,Nome não encontrado,1.0
4758,Nome não encontrado,0.0
4760,Nome não encontrado,0.0
4761,Nome não encontrado,0.0
4763,Nome não encontrado,1.0
4764,Nome não encontrado,1.0
4765,Nome não encontrado,1.0
4766,Nome não encontrado,1.0
4768,Nome não encontrado,1.0
4770,Nome não encontrado,1.0
4771,Nome não encontrado,-1.0
4772,Nome não encontrado,2.0
4773,Nome não encontrado,0.0
4774,Nome não encontrado,0.0
4775,Nome não encontrado,0.0
4776,Nome não encontrado,1.0
4777,Nome não encontrado,0.0
4778,Nome não encontrado,0.0
4779,Nome não encontrado,22.0
4780,Nome não encontrado,0.0
4781,Nome não encontrado,1.0
4782,Nome não encontrado,2.0
4784,Nome não encontrado,0.0
4785,Nome não encontrado,11.0
4786,Nome não encontrado,0.0
4787,Nome não encontrado,0.0
4788,Nome não encontrado,0.0
4789,Nome não encontrado,15.0
4790,Nome não encontrado,2.0
4792,Nome não encontrado,1.0
4793,Nome não encontrado,1.0
4794,Nome não encontrado,1.0
4795,Nome não encontrado,0.0
4796,Nome não encontrado,0.0
4797,Nome não encontrado,1.0
4800,Nome não encontrado,2.0
4801,Nome não encontrado,0.0
4802,Nome não encontrado,0.0
4803,Nome não encontrado,1.0
4804,Nome não encontrado,0.0
4805,Nome não encontrado,2.0
4806,Nome não encontrado,1.0
4807,Nome não encontrado,2.0
4808,Nome não encontrado,2.0
4809,Nome não encontrado,1.0
4810,Nome não encontrado,0.0
4811,Nome não encontrado,14.0
4813,Nome não encontrado,0.0
4814,Nome não encontrado,0.0
4815,Nome não encontrado,0.0
4816,Nome não encontrado,2.0
4818,Nome não encontrado,3.0
4819,Nome não encontrado,1.0
4820,Nome não encontrado,1.0
4821,Nome não encontrado,1.0
4822,Nome não encontrado,4.0
4823,Nome não encontrado,2.0
4824,Nome não encontrado,3.0
4825,Nome não encontrado,1.0
4826,Nome não encontrado,2.0
4828,Nome não encontrado,0.0
4830,Nome não encontrado,0.0
4832,Nome não encontrado,0.0
4833,Nome não encontrado,1.0
4834,Nome não encontrado,1.0
4835,Nome não encontrado,4.0
4839,Nome não encontrado,1.0
4840,Nome não encontrado,0.0
4841,Nome não encontrado,7.0
4842,Nome não encontrado,1.0
4843,Nome não encontrado,0.0
4844,Nome não encontrado,95.0
4846,Nome não encontrado,8.0
4847,Nome não encontrado,11.0
4848,Nome não encontrado,1.0
4849,Nome não encontrado,11.0
4850,Nome não encontrado,0.0
4851,Nome não encontrado,1.0
4852,Nome não encontrado,18.0
4853,Nome não encontrado,2.0
4855,Nome não encontrado,0.0
4856,Nome não encontrado,10.0
4857,Nome não encontrado,0.0
4858,Nome não encontrado,21.0
4859,Nome não encontrado,0.0
4860,Nome não encontrado,0.0
4861,Nome não encontrado,0.0
4862,Nome não encontrado,22.0
4863,Nome não encontrado,5.0
4864,Nome não encontrado,10.0
4865,Nome não encontrado,1.0
4866,Nome não encontrado,4.0
4867,Nome não encontrado,3.0
4868,Nome não encontrado,3.0
4869,Nome não encontrado,3.0
4870,Nome não encontrado,2.0
4871,Nome não encontrado,18.0
4873,Nome não encontrado,0.0
4874,Nome não encontrado,1.0
4875,Nome não encontrado,1.0
4876,Nome não encontrado,12.0
4877,Nome não encontrado,4.0
4878,Nome não encontrado,1.0
4879,Nome não encontrado,10.0
4880,Nome não encontrado,1.0
4884,Nome não encontrado,0.0
4885,Nome não encontrado,0.0
4886,Nome não encontrado,1.0
4887,Nome não encontrado,1.0
4888,Nome não encontrado,5.0
4889,Nome não encontrado,1.0
489,Nome não encontrado,0.0
4892,Nome não encontrado,1.0
4893,Nome não encontrado,5.0
4894,Nome não encontrado,1.0
4895,Nome não encontrado,1.0
4896,Nome não encontrado,1.0
4897,Nome não encontrado,0.0
4898,Nome não encontrado,0.0
4899,Nome não encontrado,0.0
4900,Nome não encontrado,0.0
4901,Nome não encontrado,0.0
4902,Nome não encontrado,0.0
4904,Nome não encontrado,-1.0
4906,Nome não encontrado,3.0
4908,Nome não encontrado,11.0
4909,Nome não encontrado,1.0
491,Nome não encontrado,1.0
4910,Nome não encontrado,0.0
4911,Nome não encontrado,0.0
4912,Nome não encontrado,2.0
4913,Nome não encontrado,0.0
4914,Nome não encontrado,1.0
4915,Nome não encontrado,0.0
4918,Nome não encontrado,0.0
4919,Nome não encontrado,0.0
4920,Nome não encontrado,1.0
4922,Nome não encontrado,3.0
4923,Nome não encontrado,11.0
4924,Nome não encontrado,6.0
4925,Nome não encontrado,6.0
4926,Nome não encontrado,6.0
4927,Nome não encontrado,5.0
4929,Nome não encontrado,1.0
4930,Nome não encontrado,1.0
4932,Nome não encontrado,2.0
4933,Nome não encontrado,1.0
4934,Nome não encontrado,1.0
4935,Nome não encontrado,0.0
4936,Nome não encontrado,94.0
4937,Nome não encontrado,98.0
4938,Nome não encontrado,63.0
4939,Nome não encontrado,125.0
4940,Nome não encontrado,1.0
4941,Nome não encontrado,1.0
4942,Nome não encontrado,1.0
4943,Nome não encontrado,1.0
4944,Nome não encontrado,11.0
4945,Nome não encontrado,7.0
4946,Nome não encontrado,0.0
4947,Nome não encontrado,1.0
4949,Nome não encontrado,4.0
495,Nome não encontrado,0.0
4950,Nome não encontrado,4.0
4951,Nome não encontrado,2.0
4952,Nome não encontrado,2.0
4953,Nome não encontrado,11.0
4954,Nome não encontrado,1.0
4955,Nome não encontrado,1.0
4956,Nome não encontrado,1.0
4957,Nome não encontrado,4.0
4958,Nome não encontrado,1.0
4960,Nome não encontrado,1.0
4961,Nome não encontrado,21.0
4962,Nome não encontrado,10.0
4964,Nome não encontrado,0.0
4965,Nome não encontrado,3.0
4966,Nome não encontrado,36.0
4967,Nome não encontrado,21.0
4968,Nome não encontrado,4.0
4969,Nome não encontrado,2.0
4971,Nome não encontrado,3.0
4972,Nome não encontrado,6.0
4973,Nome não encontrado,4.0
4974,Nome não encontrado,1.0
4975,Nome não encontrado,4.0
4976,Nome não encontrado,4.0
4977,Nome não encontrado,3.0
4978,Nome não encontrado,65.0
4979,Nome não encontrado,2.0
4980,Nome não encontrado,0.0
4981,Nome não encontrado,34.0
4982,Nome não encontrado,8.0
4983,Nome não encontrado,4.0
4985,Nome não encontrado,2.0
4986,Nome não encontrado,3.0
4988,Nome não encontrado,0.0
4989,Nome não encontrado,7.0
4990,Nome não encontrado,0.0
4991,Nome não encontrado,1.0
4992,Nome não encontrado,1.0
4993,Nome não encontrado,0.0
4994,Nome não encontrado,6.0
4995,Nome não encontrado,20.0
4996,Nome não encontrado,1.0
4997,Nome não encontrado,1.0
4998,Nome não encontrado,1.0
4999,Nome não encontrado,1.0
5002,Nome não encontrado,1.0
5003,Nome não encontrado,0.0
5006,Nome não encontrado,0.0
5007,Nome não encontrado,0.0
5008,Nome não encontrado,60.0
5009,Nome não encontrado,41.0
5011,Nome não encontrado,0.0
5012,Nome não encontrado,198.0
5013,Nome não encontrado,1.0
5014,Nome não encontrado,0.0
5015,Nome não encontrado,0.0
5016,Nome não encontrado,14.0
5017,Nome não encontrado,6.0
5018,Nome não encontrado,5.0
5019,Nome não encontrado,30.0
5020,Nome não encontrado,2.0
5021,Nome não encontrado,0.0
5022,Nome não encontrado,6.0
5023,Nome não encontrado,4.0
5024,Nome não encontrado,25.0
5025,Nome não encontrado,1.0
5026,Nome não encontrado,4.0
5027,Nome não encontrado,0.0
5028,Nome não encontrado,0.0
5030,Nome não encontrado,1.0
5031,Nome não encontrado,4.0
5032,Nome não encontrado,0.0
5033,Nome não encontrado,3.0
5034,Nome não encontrado,0.0
5035,Nome não encontrado,8.0
5036,Nome não encontrado,4.0
5037,Nome não encontrado,1.0
5038,Nome não encontrado,0.0
5039,Nome não encontrado,11.0
5040,Nome não encontrado,11.0
5041,Nome não encontrado,12.0
5042,Nome não encontrado,15.0
5044,Nome não encontrado,3.0
5045,Nome não encontrado,3.0
5046,Nome não encontrado,4.0
5047,Nome não encontrado,0.0
5048,Nome não encontrado,2.0
5049,Nome não encontrado,8.0
5050,Nome não encontrado,2.0
5052,Nome não encontrado,1.0
5054,Nome não encontrado,1.0
5055,Nome não encontrado,4.0
5056,Nome não encontrado,0.0
5057,Nome não encontrado,1.0
5058,Nome não encontrado,0.0
5059,Nome não encontrado,1.0
5060,Nome não encontrado,1.0
5061,Nome não encontrado,1.0
5062,Nome não encontrado,1.0
5063,Nome não encontrado,1.0
5064,Nome não encontrado,1.0
5065,Nome não encontrado,2.0
5066,Nome não encontrado,1.0
5067,Nome não encontrado,3.0
5068,Nome não encontrado,1.0
5069,Nome não encontrado,25.0
5070,Nome não encontrado,8.0
5071,Nome não encontrado,4.0
5072,Nome não encontrado,6.0
5073,Nome não encontrado,1.0
5074,Nome não encontrado,-1.0
5075,Nome não encontrado,-1.0
5076,Nome não encontrado,-5.0
5077,Nome não encontrado,-1.0
5078,Nome não encontrado,-3.0
5079,Nome não encontrado,3.0
5080,Nome não encontrado,1.0
5081,Nome não encontrado,2.0
5082,Nome não encontrado,0.0
5083,Nome não encontrado,0.0
5085,Nome não encontrado,0.0
5086,Nome não encontrado,1.0
5087,Nome não encontrado,0.0
5088,Nome não encontrado,1.0
5089,Nome não encontrado,1.0
5090,Nome não encontrado,0.0
5092,Nome não encontrado,1.0
5093,Nome não encontrado,1.0
5094,Nome não encontrado,0.0
5095,Nome não encontrado,0.0
5096,Nome não encontrado,0.0
5097,Nome não encontrado,3.0
5098,Nome não encontrado,0.0
5099,Nome não encontrado,0.0
5100,Nome não encontrado,-6.0
5101,Nome não encontrado,0.0
5102,Nome não encontrado,-3.0
5103,Nome não encontrado,1.0
5104,Nome não encontrado,1.0
5105,Nome não encontrado,1.0
5106,Nome não encontrado,0.0
5107,Nome não encontrado,4.0
5108,Nome não encontrado,0.0
5109,Nome não encontrado,0.0
5110,Nome não encontrado,0.0
5111,Nome não encontrado,0.0
5112,Nome não encontrado,0.0
5113,Nome não encontrado,5.0
5114,Nome não encontrado,1.0
5115,Nome não encontrado,51.0
5116,Nome não encontrado,0.0
5117,Nome não encontrado,9.0
5118,Nome não encontrado,4.0
5119,Nome não encontrado,2.0
5120,Nome não encontrado,0.0
5121,Nome não encontrado,1.0
5122,Nome não encontrado,1.0
5123,Nome não encontrado,1.0
5124,Nome não encontrado,1.0
5127,Nome não encontrado,0.0
5128,Nome não encontrado,0.0
5129,Nome não encontrado,23.0
5130,Nome não encontrado,0.0
5132,Nome não encontrado,1.0
5133,Nome não encontrado,0.0
5134,Nome não encontrado,1.0
5135,Nome não encontrado,1.0
5136,Nome não encontrado,-2.0
5137,Nome não encontrado,0.0
5138,Nome não encontrado,-2.0
5141,Nome não encontrado,0.0
5142,Nome não encontrado,0.0
5143,Nome não encontrado,1.0
5144,Nome não encontrado,-2.0
5145,Nome não encontrado,0.0
5146,Nome não encontrado,1.0
5147,Nome não encontrado,1.0
5148,Nome não encontrado,1.0
5149,Nome não encontrado,-2.0
5150,Nome não encontrado,0.0
5151,Nome não encontrado,1.0
5152,Nome não encontrado,0.0
5153,Nome não encontrado,-4.0
5154,Nome não encontrado,1.0
5155,Nome não encontrado,6.0
5156,Nome não encontrado,28.0
5157,Nome não encontrado,6.0
5158,Nome não encontrado,3.0
5159,Nome não encontrado,30.0
5160,Nome não encontrado,6.0
5161,Nome não encontrado,4.0
5162,Nome não encontrado,3.0
5163,Nome não encontrado,86.0
5164,Nome não encontrado,1.0
5165,Nome não encontrado,13.0
5167,Nome não encontrado,1.0
5168,Nome não encontrado,1.0
5169,Nome não encontrado,26.0
517,Nome não encontrado,0.0
5170,Nome não encontrado,72.0
5171,Nome não encontrado,24.0
5172,Nome não encontrado,23.0
5173,Nome não encontrado,20.0
5174,Nome não encontrado,3.0
5175,Nome não encontrado,2.0
5176,Nome não encontrado,25.0
5177,Nome não encontrado,35.0
5178,Nome não encontrado,1.0
5179,Nome não encontrado,1.0
5180,Nome não encontrado,1.0
5181,Nome não encontrado,1.0
5182,Nome não encontrado,1.0
5183,Nome não encontrado,1.0
5184,Nome não encontrado,0.0
5185,Nome não encontrado,0.0
5186,Nome não encontrado,1.0
5187,Nome não encontrado,0.0
5188,Nome não encontrado,0.0
5189,Nome não encontrado,0.0
5190,Nome não encontrado,0.0
5191,Nome não encontrado,2.0
5192,Nome não encontrado,2.0
5193,Nome não encontrado,0.0
5194,Nome não encontrado,2.0
5195,Nome não encontrado,1.0
5196,Nome não encontrado,1.0
5197,Nome não encontrado,1.0
5198,Nome não encontrado,1.0
5199,Nome não encontrado,2.0
5200,Nome não encontrado,2.0
5201,Nome não encontrado,2.0
5202,Nome não encontrado,3.0
5203,Nome não encontrado,0.0
5204,Nome não encontrado,0.0
5206,Nome não encontrado,0.0
5207,Nome não encontrado,6.0
5208,Nome não encontrado,0.0
5209,Nome não encontrado,0.0
5210,Nome não encontrado,2.0
5211,Nome não encontrado,1.0
5212,Nome não encontrado,0.0
5213,Nome não encontrado,1.0
5214,Nome não encontrado,0.0
5215,Nome não encontrado,0.0
5216,Nome não encontrado,10.0
5217,Nome não encontrado,1.0
5218,Nome não encontrado,1.0
5219,Nome não encontrado,32.0
5220,Nome não encontrado,1.0
5221,Nome não encontrado,5.0
5222,Nome não encontrado,130.0
5223,Nome não encontrado,1.0
5224,Nome não encontrado,1.0
5225,Nome não encontrado,0.0
5226,Nome não encontrado,0.0
5227,Nome não encontrado,0.0
5228,Nome não encontrado,0.0
5229,Nome não encontrado,1.0
5230,Nome não encontrado,4.0
5231,Nome não encontrado,1.0
5232,Nome não encontrado,0.0
5233,Nome não encontrado,0.0
5234,Nome não encontrado,0.0
5235,Nome não encontrado,1.0
5236,Nome não encontrado,1.0
5237,Nome não encontrado,1.0
5238,Nome não encontrado,2.0
5239,Nome não encontrado,12.0
524,Nome não encontrado,2.0
5240,Nome não encontrado,2.0
5241,Nome não encontrado,18.0
5242,Nome não encontrado,2.0
5243,Nome não encontrado,7.0
5244,Nome não encontrado,1.0
5245,Nome não encontrado,3.0
5246,Nome não encontrado,2.0
5247,Nome não encontrado,1.0
5248,Nome não encontrado,2.0
5249,Nome não encontrado,0.0
5250,Nome não encontrado,4.0
5251,Nome não encontrado,1.0
5252,Nome não encontrado,1.0
5253,Nome não encontrado,0.0
5254,Nome não encontrado,0.0
5255,Nome não encontrado,0.0
5256,Nome não encontrado,3.0
5257,Nome não encontrado,4.0
5258,Nome não encontrado,1.0
5259,Nome não encontrado,2.0
5260,Nome não encontrado,2.0
5261,Nome não encontrado,3.0
5262,Nome não encontrado,60.0
5263,Nome não encontrado,2.0
5264,Nome não encontrado,35.0
5265,Nome não encontrado,85.0
5266,Nome não encontrado,30.0
5267,Nome não encontrado,1.0
5268,Nome não encontrado,2.0
5269,Nome não encontrado,1.0
5270,Nome não encontrado,0.0
5271,Nome não encontrado,1.0
5272,Nome não encontrado,1.0
5274,Nome não encontrado,0.0
5275,Nome não encontrado,1.0
5277,Nome não encontrado,0.0
5278,Nome não encontrado,0.0
5279,Nome não encontrado,0.0
5280,Nome não encontrado,0.0
5281,Nome não encontrado,1.0
5282,Nome não encontrado,1.0
5284,Nome não encontrado,6.0
5285,Nome não encontrado,1.0
5286,Nome não encontrado,1.0
5288,Nome não encontrado,30.0
5289,Nome não encontrado,2.0
5290,Nome não encontrado,1.0
5291,Nome não encontrado,1.0
5293,Nome não encontrado,1.0
5294,Nome não encontrado,1.0
5295,Nome não encontrado,1.0
5296,Nome não encontrado,20.0
5297,Nome não encontrado,1.0
5298,Nome não encontrado,1.0
5299,Nome não encontrado,1.0
5300,Nome não encontrado,0.0
5301,Nome não encontrado,0.0
5302,Nome não encontrado,0.0
5303,Nome não encontrado,0.0
5304,Nome não encontrado,1.0
5305,Nome não encontrado,0.0
5306,Nome não encontrado,0.0
5307,Nome não encontrado,1.0
5308,Nome não encontrado,0.0
5309,Nome não encontrado,0.0
5310,Nome não encontrado,0.0
5311,Nome não encontrado,2.0
5312,Nome não encontrado,1.0
5313,Nome não encontrado,2.0
5314,Nome não encontrado,6.0
5315,Nome não encontrado,20.0
5316,Nome não encontrado,0.0
5317,Nome não encontrado,6.0
5318,Nome não encontrado,10.0
5319,Nome não encontrado,11.0
5320,Nome não encontrado,3.0
5321,Nome não encontrado,30.0
5322,Nome não encontrado,4.0
5323,Nome não encontrado,1.0
5324,Nome não encontrado,0.0
5326,Nome não encontrado,9.0
5327,Nome não encontrado,22.0
5328,Nome não encontrado,0.0
5329,Nome não encontrado,3.0
5330,Nome não encontrado,0.0
5331,Nome não encontrado,1.0
5332,Nome não encontrado,4.0
5333,Nome não encontrado,1.0
5334,Nome não encontrado,1.0
5335,Nome não encontrado,1.0
5336,Nome não encontrado,3.0
5337,Nome não encontrado,1.0
5338,Nome não encontrado,2.0
5339,Nome não encontrado,0.0
5340,Nome não encontrado,1.0
5341,Nome não encontrado,0.0
5343,Nome não encontrado,1.0
5344,Nome não encontrado,0.0
5345,Nome não encontrado,0.0
5346,Nome não encontrado,0.0
5347,Nome não encontrado,25.0
5348,Nome não encontrado,4.0
5349,Nome não encontrado,2.0
5350,Nome não encontrado,20.0
5351,Nome não encontrado,2.0
5352,Nome não encontrado,12.0
5353,Nome não encontrado,1.0
5355,Nome não encontrado,30.0
5356,Nome não encontrado,2.0
5357,Nome não encontrado,0.0
5359,Nome não encontrado,20.0
5360,Nome não encontrado,50.0
5361,Nome não encontrado,0.0
5362,Nome não encontrado,0.0
5363,Nome não encontrado,3.0
5364,Nome não encontrado,0.0
5365,Nome não encontrado,0.0
5366,Nome não encontrado,3.0
5367,Nome não encontrado,1.0
5368,Nome não encontrado,2.0
5369,Nome não encontrado,4.0
5370,Nome não encontrado,2.0
5371,Nome não encontrado,6.0
5372,Nome não encontrado,2.0
5373,Nome não encontrado,2.0
5374,Nome não encontrado,1.0
5375,Nome não encontrado,1.0
5376,Nome não encontrado,2.0
5377,Nome não encontrado,0.0
5378,Nome não encontrado,0.0
5379,Nome não encontrado,2.0
5380,Nome não encontrado,0.0
5382,Nome não encontrado,1.0
5383,Nome não encontrado,1.0
5384,Nome não encontrado,1.0
5385,Nome não encontrado,1.0
5386,Nome não encontrado,0.0
5387,Nome não encontrado,1.0
5388,Nome não encontrado,0.0
5389,Nome não encontrado,0.0
5390,Nome não encontrado,0.0
5391,Nome não encontrado,6.0
5392,Nome não encontrado,1.0
5393,Nome não encontrado,4.0
5394,Nome não encontrado,7.0
5395,Nome não encontrado,10.0
5396,Nome não encontrado,1.0
5397,Nome não encontrado,0.0
5398,Nome não encontrado,1.0
5399,Nome não encontrado,1.0
5400,Nome não encontrado,1.0
5402,Nome não encontrado,1.0
5403,Nome não encontrado,4.0
5405,Nome não encontrado,20.0
5406,Nome não encontrado,46.0
5407,Nome não encontrado,1.0
5408,Nome não encontrado,28.0
5409,Nome não encontrado,4.0
5410,Nome não encontrado,61.0
5411,Nome não encontrado,18.0
5412,Nome não encontrado,1.0
5413,Nome não encontrado,4.0
5415,Nome não encontrado,0.0
5416,Nome não encontrado,3.0
5417,Nome não encontrado,2.0
5418,Nome não encontrado,8.0
5419,Nome não encontrado,6.0
5420,Nome não encontrado,10.0
5422,Nome não encontrado,2.0
5423,Nome não encontrado,17.0
5424,Nome não encontrado,12.0
5425,Nome não encontrado,1.0
5426,Nome não encontrado,0.0
5427,Nome não encontrado,6.0
5428,Nome não encontrado,2.0
5429,Nome não encontrado,2.0
5430,Nome não encontrado,8.0
5431,Nome não encontrado,0.0
5432,Nome não encontrado,1.0
5433,Nome não encontrado,1.0
5434,Nome não encontrado,1.0
5435,Nome não encontrado,1.0
5436,Nome não encontrado,1.0
5437,Nome não encontrado,1.0
5438,Nome não encontrado,0.0
5439,Nome não encontrado,0.0
544,Nome não encontrado,0.0
5440,Nome não encontrado,1.0
5441,Nome não encontrado,9.0
5442,Nome não encontrado,2.0
5443,Nome não encontrado,3.0
5444,Nome não encontrado,2.0
5445,Nome não encontrado,3.0
5446,Nome não encontrado,3.0
5447,Nome não encontrado,3.0
5448,Nome não encontrado,6.0
5449,Nome não encontrado,3.0
5450,Nome não encontrado,3.0
5451,Nome não encontrado,6.0
5452,Nome não encontrado,6.0
5453,Nome não encontrado,3.0
5454,Nome não encontrado,15.0
5455,Nome não encontrado,9.0
5456,Nome não encontrado,3.0
5457,Nome não encontrado,3.0
5458,Nome não encontrado,3.0
5459,Nome não encontrado,2.0
5460,Nome não encontrado,3.0
5461,Nome não encontrado,3.0
5462,Nome não encontrado,3.0
5463,Nome não encontrado,3.0
5464,Nome não encontrado,3.0
5465,Nome não encontrado,0.0
5466,Nome não encontrado,0.0
5467,Nome não encontrado,1.0
5468,Nome não encontrado,1.0
5469,Nome não encontrado,15.0
5470,Nome não encontrado,4.0
5471,Nome não encontrado,10.0
5472,Nome não encontrado,20.0
5473,Nome não encontrado,10.0
5474,Nome não encontrado,2.0
5475,Nome não encontrado,1.0
5476,Nome não encontrado,1.0
5477,Nome não encontrado,1.0
5478,Nome não encontrado,2.0
5479,Nome não encontrado,2.0
5480,Nome não encontrado,1.0
5481,Nome não encontrado,1.0
5482,Nome não encontrado,5.0
5483,Nome não encontrado,1.0
5484,Nome não encontrado,0.0
5485,Nome não encontrado,1.0
5486,Nome não encontrado,1.0
5487,Nome não encontrado,1.0
5488,Nome não encontrado,0.0
5490,Nome não encontrado,0.0
5491,Nome não encontrado,1.0
5492,Nome não encontrado,0.0
5493,Nome não encontrado,0.0
5494,Nome não encontrado,0.0
5495,Nome não encontrado,1.0
5496,Nome não encontrado,1.0
5497,Nome não encontrado,10.0
5498,Nome não encontrado,1.0
5499,Nome não encontrado,2.0
5500,Nome não encontrado,3.0
5501,Nome não encontrado,1.0
5503,Nome não encontrado,1.0
5504,Nome não encontrado,8.0
5505,Nome não encontrado,1.0
5506,Nome não encontrado,3.0
5507,Nome não encontrado,1.0
5508,Nome não encontrado,30.0
5509,Nome não encontrado,0.0
5510,Nome não encontrado,2.0
5511,Nome não encontrado,1.0
5512,Nome não encontrado,1.0
5513,Nome não encontrado,1.0
5514,Nome não encontrado,2.0
5515,Nome não encontrado,1.0
5516,Nome não encontrado,1.0
5517,Nome não encontrado,0.0
5518,Nome não encontrado,1.0
5519,Nome não encontrado,2.0
5520,Nome não encontrado,1.0
5521,Nome não encontrado,1.0
5522,Nome não encontrado,0.0
5523,Nome não encontrado,1.0
5525,Nome não encontrado,1.0
5527,Nome não encontrado,1.0
5528,Nome não encontrado,1.0
5530,Nome não encontrado,1.0
5531,Nome não encontrado,2.0
5532,Nome não encontrado,12.0
5533,Nome não encontrado,10.0
5534,Nome não encontrado,20.0
5535,Nome não encontrado,22.0
5536,Nome não encontrado,41.0
5537,Nome não encontrado,1.0
5538,Nome não encontrado,4.0
5539,Nome não encontrado,8.0
5540,Nome não encontrado,8.0
5541,Nome não encontrado,1.0
5542,Nome não encontrado,17.0
5543,Nome não encontrado,1.0
5544,Nome não encontrado,5.0
5545,Nome não encontrado,5.0
5546,Nome não encontrado,4.0
5547,Nome não encontrado,1.0
5548,Nome não encontrado,2.0
5549,Nome não encontrado,2.0
5550,Nome não encontrado,12.0
5552,Nome não encontrado,7.0
5553,Nome não encontrado,2.0
5554,Nome não encontrado,1.0
5556,Nome não encontrado,2.0
5557,Nome não encontrado,1.0
5558,Nome não encontrado,1.0
5559,Nome não encontrado,1.0
5560,Nome não encontrado,1.0
5561,Nome não encontrado,25.0
5562,Nome não encontrado,25.0
5563,Nome não encontrado,1.0
5564,Nome não encontrado,3.0
5565,Nome não encontrado,1.0
5567,Nome não encontrado,3.0
5568,Nome não encontrado,1.0
5570,Nome não encontrado,3.0
5573,Nome não encontrado,5.0
5574,Nome não encontrado,2.0
5575,Nome não encontrado,4.0
5576,Nome não encontrado,3.0
5577,Nome não encontrado,1.0
5578,Nome não encontrado,10.0
5579,Nome não encontrado,6.0
5580,Nome não encontrado,8.0
5581,Nome não encontrado,10.0
5582,Nome não encontrado,2.0
5583,Nome não encontrado,2.0
5585,Nome não encontrado,6.0
5586,Nome não encontrado,1.0
5587,Nome não encontrado,610.0
5588,Nome não encontrado,30.0
5589,Nome não encontrado,1.0
5590,Nome não encontrado,2.0
5591,Nome não encontrado,60.0
5592,Nome não encontrado,200.0
5593,Nome não encontrado,200.0
5594,Nome não encontrado,200.0
5595,Nome não encontrado,5.0
5596,Nome não encontrado,1.0
5598,Nome não encontrado,12.0
5599,Nome não encontrado,200.0
5600,Nome não encontrado,11.0
5601,Nome não encontrado,200.0
5602,Nome não encontrado,0.0
5603,Nome não encontrado,22.0
5604,Nome não encontrado,3.0
5605,Nome não encontrado,4.0
5606,Nome não encontrado,2.0
5607,Nome não encontrado,7.0
5608,Nome não encontrado,9.0
5609,Nome não encontrado,25.0
5610,Nome não encontrado,25.0
5611,Nome não encontrado,1.0
5612,Nome não encontrado,11.0
5613,Nome não encontrado,9.0
5614,Nome não encontrado,9.0
5616,Nome não encontrado,1.0
5617,Nome não encontrado,20.0
5618,Nome não encontrado,2.0
5619,Nome não encontrado,6.0
5620,Nome não encontrado,21.0
5621,Nome não encontrado,50.0
5622,Nome não encontrado,3.0
5623,Nome não encontrado,1.0
5625,Nome não encontrado,2.0
5626,Nome não encontrado,12.0
5627,Nome não encontrado,60.0
5628,Nome não encontrado,5.0
5629,Nome não encontrado,1.0
5630,Nome não encontrado,3.0
5631,Nome não encontrado,10.0
5632,Nome não encontrado,3.0
5633,Nome não encontrado,17.0
5634,Nome não encontrado,8.0
5635,Nome não encontrado,4.0
5636,Nome não encontrado,9.0
5637,Nome não encontrado,0.0
5638,Nome não encontrado,1.0
5639,Nome não encontrado,10.0
5641,Nome não encontrado,2.0
5642,Nome não encontrado,3.0
5643,Nome não encontrado,1.0
5644,Nome não encontrado,13.0
5646,Nome não encontrado,1.0
5648,Nome não encontrado,0.0
5649,Nome não encontrado,1.0
5650,Nome não encontrado,0.0
5651,Nome não encontrado,1.0
5652,Nome não encontrado,1.0
5653,Nome não encontrado,2.0
5654,Nome não encontrado,1.0
5655,Nome não encontrado,-1.0
5656,Nome não encontrado,1.0
5657,Nome não encontrado,1.0
5658,Nome não encontrado,0.0
5659,Nome não encontrado,20.0
5660,Nome não encontrado,1.0
5661,Nome não encontrado,1.0
5662,Nome não encontrado,1.0
5663,Nome não encontrado,1.0
5664,Nome não encontrado,1.0
5666,Nome não encontrado,1.0
5667,Nome não encontrado,1.0
5668,Nome não encontrado,1.0
5669,Nome não encontrado,0.0
5670,Nome não encontrado,1.0
5671,Nome não encontrado,2.0
5672,Nome não encontrado,1.0
5673,Nome não encontrado,1.0
5674,Nome não encontrado,1.0
5675,Nome não encontrado,1.0
5677,Nome não encontrado,1.0
5678,Nome não encontrado,1.0
5679,Nome não encontrado,1.0
5681,Nome não encontrado,1.0
5682,Nome não encontrado,1.0
5683,Nome não encontrado,1.0
5684,Nome não encontrado,1.0
5685,Nome não encontrado,2.0
5686,Nome não encontrado,2.0
5687,Nome não encontrado,5.0
5688,Nome não encontrado,0.0
5690,Nome não encontrado,1.0
5691,Nome não encontrado,0.0
5692,Nome não encontrado,0.0
5693,Nome não encontrado,5.0
5694,Nome não encontrado,3.0
5695,Nome não encontrado,0.0
5697,Nome não encontrado,1.0
5698,Nome não encontrado,1.0
5699,Nome não encontrado,0.0
5700,Nome não encontrado,3.0
5701,Nome não encontrado,1.0
5702,Nome não encontrado,8.0
5703,Nome não encontrado,26.0
5704,Nome não encontrado,1.0
5705,Nome não encontrado,0.0
5706,Nome não encontrado,0.0
5707,Nome não encontrado,0.0
5708,Nome não encontrado,9.0
5709,Nome não encontrado,0.0
5710,Nome não encontrado,0.0
5711,Nome não encontrado,0.0
5712,Nome não encontrado,0.0
5713,Nome não encontrado,0.0
5714,Nome não encontrado,167.0
5715,Nome não encontrado,0.0
5716,Nome não encontrado,0.0
5717,Nome não encontrado,1.0
5718,Nome não encontrado,0.0
5719,Nome não encontrado,0.0
5720,Nome não encontrado,0.0
5721,Nome não encontrado,0.0
5722,Nome não encontrado,0.0
5723,Nome não encontrado,2.0
5724,Nome não encontrado,0.0
5725,Nome não encontrado,0.0
5726,Nome não encontrado,0.0
5727,Nome não encontrado,1.0
5728,Nome não encontrado,1.0
5729,Nome não encontrado,1.0
5730,Nome não encontrado,1.0
5731,Nome não encontrado,0.0
5732,Nome não encontrado,1.0
5733,Nome não encontrado,0.0
5734,Nome não encontrado,0.0
5735,Nome não encontrado,2.0
5736,Nome não encontrado,3.0
5737,Nome não encontrado,1.0
5738,Nome não encontrado,1.0
5739,Nome não encontrado,3.0
5740,Nome não encontrado,0.0
5742,Nome não encontrado,1.0
5743,Nome não encontrado,0.0
5744,Nome não encontrado,1.0
5745,Nome não encontrado,0.0
5746,Nome não encontrado,0.0
5747,Nome não encontrado,0.0
5748,Nome não encontrado,0.0
5749,Nome não encontrado,0.0
5750,Nome não encontrado,0.0
5751,Nome não encontrado,1.0
5753,Nome não encontrado,1.0
5754,Nome não encontrado,4.0
5755,Nome não encontrado,4.0
5756,Nome não encontrado,6.0
5757,Nome não encontrado,3.0
5758,Nome não encontrado,2.0
5759,Nome não encontrado,1.0
5760,Nome não encontrado,5.0
5761,Nome não encontrado,1.0
5762,Nome não encontrado,1.0
5763,Nome não encontrado,1.0
5764,Nome não encontrado,2.0
5765,Nome não encontrado,1.0
5766,Nome não encontrado,1.0
5767,Nome não encontrado,6.0
5768,Nome não encontrado,5.0
5771,Nome não encontrado,1.0
5772,Nome não encontrado,1.0
5774,Nome não encontrado,1.0
5775,Nome não encontrado,1.0
5776,Nome não encontrado,0.0
5777,Nome não encontrado,3.0
5778,Nome não encontrado,1.0
5779,Nome não encontrado,1.0
5780,Nome não encontrado,0.0
5781,Nome não encontrado,2.0
5782,Nome não encontrado,5.0
5783,Nome não encontrado,6.0
5785,Nome não encontrado,1.0
5786,Nome não encontrado,0.0
5787,Nome não encontrado,0.0
5788,Nome não encontrado,0.0
5789,Nome não encontrado,0.0
5790,Nome não encontrado,1.0
5791,Nome não encontrado,5.0
5792,Nome não encontrado,1.0
5793,Nome não encontrado,0.0
5794,Nome não encontrado,4.0
5795,Nome não encontrado,0.0
5796,Nome não encontrado,0.0
5797,Nome não encontrado,0.0
5798,Nome não encontrado,0.0
5799,Nome não encontrado,0.0
5800,Nome não encontrado,1.0
5801,Nome não encontrado,5.0
5802,Nome não encontrado,7.0
5803,Nome não encontrado,1.0
5804,Nome não encontrado,3.0
5805,Nome não encontrado,0.0
5806,Nome não encontrado,0.0
5807,Nome não encontrado,1.0
5808,Nome não encontrado,1.0
5809,Nome não encontrado,0.0
5810,Nome não encontrado,0.0
5811,Nome não encontrado,0.0
5812,Nome não encontrado,0.0
5813,Nome não encontrado,0.0
5814,Nome não encontrado,0.0
5815,Nome não encontrado,0.0
5816,Nome não encontrado,0.0
5817,Nome não encontrado,0.0
5818,Nome não encontrado,0.0
5819,Nome não encontrado,0.0
582,Nome não encontrado,2.0
5820,Nome não encontrado,0.0
5821,Nome não encontrado,0.0
5822,Nome não encontrado,1.0
5823,Nome não encontrado,0.0
5824,Nome não encontrado,6.0
5825,Nome não encontrado,12.0
5826,Nome não encontrado,5.0
5827,Nome não encontrado,1.0
5828,Nome não encontrado,5470.085
5829,Nome não encontrado,1.0
5830,Nome não encontrado,0.0
5831,Nome não encontrado,0.0
5832,Nome não encontrado,0.0
5833,Nome não encontrado,10.0
5834,Nome não encontrado,0.0
5835,Nome não encontrado,1.0
5836,Nome não encontrado,0.0
5837,Nome não encontrado,2.0
5838,Nome não encontrado,0.0
5839,Nome não encontrado,1.0
5840,Nome não encontrado,0.0
5841,Nome não encontrado,1.0
5842,Nome não encontrado,2.0
5843,Nome não encontrado,178.0
5844,Nome não encontrado,0.0
5845,Nome não encontrado,4.0
5846,Nome não encontrado,5.0
5847,Nome não encontrado,1.0
5848,Nome não encontrado,25.0
5849,Nome não encontrado,1.0
5850,Nome não encontrado,4.0
5851,Nome não encontrado,200.0
5852,Nome não encontrado,2.0
5853,Nome não encontrado,20.0
5854,Nome não encontrado,4.0
5855,Nome não encontrado,2.0
5856,Nome não encontrado,6.0
5857,Nome não encontrado,12.0
5858,Nome não encontrado,8.0
5859,Nome não encontrado,18.0
5860,Nome não encontrado,16.0
5861,Nome não encontrado,5.0
5862,Nome não encontrado,2.0
5863,Nome não encontrado,3.0
5864,Nome não encontrado,2.0
5865,Nome não encontrado,4.0
5866,Nome não encontrado,2.0
5867,Nome não encontrado,5.0
5868,Nome não encontrado,4.0
5869,Nome não encontrado,4.0
5870,Nome não encontrado,2.0
5871,Nome não encontrado,4.0
5872,Nome não encontrado,0.0
5873,Nome não encontrado,1.0
5874,Nome não encontrado,0.0
5875,Nome não encontrado,15.0
5876,Nome não encontrado,2.0
5877,Nome não encontrado,1.0
5878,Nome não encontrado,1.0
5879,Nome não encontrado,1.0
5880,Nome não encontrado,1.0
5881,Nome não encontrado,1.0
5882,Nome não encontrado,1.0
5883,Nome não encontrado,2.0
5884,Nome não encontrado,2.0
5885,Nome não encontrado,1.0
5886,Nome não encontrado,1.0
5887,Nome não encontrado,2.0
5888,Nome não encontrado,3.0
5889,Nome não encontrado,1.0
5890,Nome não encontrado,1.0
5891,Nome não encontrado,1.0
5892,Nome não encontrado,1.0
5893,Nome não encontrado,2.0
5894,Nome não encontrado,4.0
5895,Nome não encontrado,5.0
5896,Nome não encontrado,0.0
5897,Nome não encontrado,8.0
5898,Nome não encontrado,0.0
5899,Nome não encontrado,0.0
5900,Nome não encontrado,2.0
5901,Nome não encontrado,1.0
5902,Nome não encontrado,0.0
5903,Nome não encontrado,1.0
5904,Nome não encontrado,5.0
5905,Nome não encontrado,2.0
5906,Nome não encontrado,0.0
5907,Nome não encontrado,1.0
5908,Nome não encontrado,0.0
5909,Nome não encontrado,0.0
5910,Nome não encontrado,3.0
5911,Nome não encontrado,6.0
5912,Nome não encontrado,2.0
5913,Nome não encontrado,3.0
5914,Nome não encontrado,4.0
5915,Nome não encontrado,13.0
5916,Nome não encontrado,12.0
5917,Nome não encontrado,4.0
5918,Nome não encontrado,3.0
5919,Nome não encontrado,0.0
592,Nome não encontrado,4.0
5920,Nome não encontrado,1.0
5921,Nome não encontrado,1.0
5922,Nome não encontrado,1.0
5923,Nome não encontrado,1.0
5924,Nome não encontrado,1.0
5927,Nome não encontrado,0.0
5928,Nome não encontrado,0.0
5929,Nome não encontrado,0.0
593,Nome não encontrado,0.0
5930,Nome não encontrado,2.0
5934,Nome não encontrado,0.0
5935,Nome não encontrado,1.0
5936,Nome não encontrado,3.0
5937,Nome não encontrado,1.0
5938,Nome não encontrado,0.0
5939,Nome não encontrado,2.0
5940,Nome não encontrado,4.0
5941,Nome não encontrado,0.0
5942,Nome não encontrado,1.0
5943,Nome não encontrado,1.0
5944,Nome não encontrado,2.0
5945,Nome não encontrado,1.0
5946,Nome não encontrado,3.0
5947,Nome não encontrado,6.0
5948,Nome não encontrado,1.0
595,Nome não encontrado,0.0
5950,Nome não encontrado,0.0
5951,Nome não encontrado,0.0
5953,Nome não encontrado,2.0
5954,Nome não encontrado,0.0
5955,Nome não encontrado,0.0
5957,Nome não encontrado,0.0
5962,Nome não encontrado,0.0
5963,Nome não encontrado,0.0
5966,Nome não encontrado,0.0
5967,Nome não encontrado,0.0
5968,Nome não encontrado,0.0
5969,Nome não encontrado,0.0
5970,Nome não encontrado,10.0
5971,Nome não encontrado,1.0
5972,Nome não encontrado,2.0
5974,Nome não encontrado,0.0
5977,Nome não encontrado,2.0
5978,Nome não encontrado,7.0
5979,Nome não encontrado,7.0
598,Nome não encontrado,0.0
5980,Nome não encontrado,3.0
5981,Nome não encontrado,0.0
5984,Nome não encontrado,0.0
5988,Nome não encontrado,0.0
5989,Nome não encontrado,0.0
599,Nome não encontrado,4.0
5990,Nome não encontrado,3.0
5991,Nome não encontrado,0.0
5994,Nome não encontrado,1.0
5995,Nome não encontrado,0.0
5997,Nome não encontrado,1.0
5998,Nome não encontrado,0.0
5999,Nome não encontrado,0.0
600,Nome não encontrado,0.0
6001,Nome não encontrado,1.0
6002,Nome não encontrado,1.0
6003,Nome não encontrado,0.0
6004,Nome não encontrado,0.0
6005,Nome não encontrado,4.0
6006,Nome não encontrado,3.0
6007,Nome não encontrado,2.0
6008,Nome não encontrado,3.0
6009,Nome não encontrado,0.0
6010,Nome não encontrado,0.0
6012,Nome não encontrado,2.0
6013,Nome não encontrado,0.0
6016,Nome não encontrado,0.0
6017,Nome não encontrado,1.0
6018,Nome não encontrado,1.0
6019,Nome não encontrado,0.0
6020,Nome não encontrado,0.0
6021,Nome não encontrado,5.0
6022,Nome não encontrado,1.0
6023,Nome não encontrado,0.0
6024,Nome não encontrado,1.0
6025,Nome não encontrado,1.0
6026,Nome não encontrado,0.0
6027,Nome não encontrado,0.0
6028,Nome não encontrado,12.0
6029,Nome não encontrado,0.0
6030,Nome não encontrado,0.0
6031,Nome não encontrado,0.0
6032,Nome não encontrado,0.0
6033,Nome não encontrado,0.0
6034,Nome não encontrado,0.0
6035,Nome não encontrado,30.0
6036,Nome não encontrado,0.0
6040,Nome não encontrado,4.0
6041,Nome não encontrado,0.0
6042,Nome não encontrado,1.0
6043,Nome não encontrado,0.0
6044,Nome não encontrado,10.0
6047,Nome não encontrado,1.0
6048,Nome não encontrado,0.0
6049,Nome não encontrado,25.0
6050,Nome não encontrado,0.0
6051,Nome não encontrado,2.0
6052,Nome não encontrado,3.0
6053,Nome não encontrado,2.0
6054,Nome não encontrado,1.0
6055,Nome não encontrado,2.0
6056,Nome não encontrado,1.0
6057,Nome não encontrado,3.0
6064,Nome não encontrado,1.0
6065,Nome não encontrado,0.0
6066,Nome não encontrado,0.0
6067,Nome não encontrado,0.0
6068,Nome não encontrado,0.0
6069,Nome não encontrado,0.0
607,Nome não encontrado,0.0
6070,Nome não encontrado,0.0
6072,Nome não encontrado,0.0
6073,Nome não encontrado,0.0
6074,Nome não encontrado,1.0
6075,Nome não encontrado,1.0
6076,Nome não encontrado,1.0
6077,Nome não encontrado,1.0
6078,Nome não encontrado,37.0
6079,Nome não encontrado,1.0
6080,Nome não encontrado,0.0
6081,Nome não encontrado,30.0
6084,Nome não encontrado,0.0
6085,Nome não encontrado,0.0
6086,Nome não encontrado,1.0
6087,Nome não encontrado,1.0
6089,Nome não encontrado,2.0
6090,Nome não encontrado,0.0
6091,Nome não encontrado,1.0
6093,Nome não encontrado,1.0
6094,Nome não encontrado,1.0
6098,Nome não encontrado,1.0
6099,Nome não encontrado,1.0
6100,Nome não encontrado,1.0
6101,Nome não encontrado,1.0
6102,Nome não encontrado,1.0
6103,Nome não encontrado,1.0
6104,Nome não encontrado,4.0
6105,Nome não encontrado,0.0
6106,Nome não encontrado,8.0
6108,Nome não encontrado,0.0
6112,Nome não encontrado,3.0
6113,Nome não encontrado,2.0
6114,Nome não encontrado,1.0
6115,Nome não encontrado,5.0
6116,Nome não encontrado,2.0
6117,Nome não encontrado,4.0
6118,Nome não encontrado,4.0
6119,Nome não encontrado,4.0
6121,Nome não encontrado,1.0
6122,Nome não encontrado,0.0
6123,Nome não encontrado,0.0
6124,Nome não encontrado,0.0
6125,Nome não encontrado,2.0
6127,Nome não encontrado,0.0
6128,Nome não encontrado,1.0
6129,Nome não encontrado,1.0
6131,Nome não encontrado,1.0
6132,Nome não encontrado,1.0
6134,Nome não encontrado,0.0
6135,Nome não encontrado,1.0
6139,Nome não encontrado,8.0
6140,Nome não encontrado,1.0
6145,Nome não encontrado,1.0
6146,Nome não encontrado,0.0
6149,Nome não encontrado,0.0
6153,Nome não encontrado,1.0
6154,Nome não encontrado,1.0
6155,Nome não encontrado,1.0
6156,Nome não encontrado,1.0
6158,Nome não encontrado,2.0
6159,Nome não encontrado,0.0
6160,Nome não encontrado,3.0
6161,Nome não encontrado,0.0
6163,Nome não encontrado,0.0
6165,Nome não encontrado,1.0
6166,Nome não encontrado,1.0
6167,Nome não encontrado,1.0
6169,Nome não encontrado,0.0
617,Nome não encontrado,16.0
6170,Nome não encontrado,16.0
6171,Nome não encontrado,0.0
6172,Nome não encontrado,1.0
6173,Nome não encontrado,3.0
6174,Nome não encontrado,5.0
6175,Nome não encontrado,3.0
6178,Nome não encontrado,0.0
6179,Nome não encontrado,1.0
6180,Nome não encontrado,0.0
6181,Nome não encontrado,0.0
6182,Nome não encontrado,0.0
6183,Nome não encontrado,1.0
6185,Nome não encontrado,2.0
6186,Nome não encontrado,1.0
6187,Nome não encontrado,1.0
6188,Nome não encontrado,1.0
6189,Nome não encontrado,0.0
6190,Nome não encontrado,0.0
6191,Nome não encontrado,0.0
6193,Nome não encontrado,0.0
6195,Nome não encontrado,0.0
6196,Nome não encontrado,0.0
6197,Nome não encontrado,0.0
6199,Nome não encontrado,1.0
6200,Nome não encontrado,1.0
6201,Nome não encontrado,1.0
6202,Nome não encontrado,1.0
6203,Nome não encontrado,1.0
6204,Nome não encontrado,0.0
6205,Nome não encontrado,-1.0
6208,Nome não encontrado,0.0
621,Nome não encontrado,2.0
6210,Nome não encontrado,8.0
6211,Nome não encontrado,0.0
6212,Nome não encontrado,1.0
6213,Nome não encontrado,2.0
6215,Nome não encontrado,0.0
622,Nome não encontrado,3.0
6220,Nome não encontrado,1.0
6222,Nome não encontrado,1.0
6223,Nome não encontrado,1.0
6225,Nome não encontrado,1.0
6228,Nome não encontrado,0.0
6229,Nome não encontrado,0.0
6230,Nome não encontrado,0.0
6231,Nome não encontrado,0.0
6232,Nome não encontrado,0.0
6233,Nome não encontrado,0.0
6234,Nome não encontrado,0.0
6235,Nome não encontrado,0.0
6241,Nome não encontrado,3.0
6242,Nome não encontrado,1.0
6246,Nome não encontrado,0.0
6247,Nome não encontrado,1.0
6248,Nome não encontrado,0.0
6249,Nome não encontrado,0.0
625,Nome não encontrado,16.0
6250,Nome não encontrado,0.0
6251,Nome não encontrado,0.0
6252,Nome não encontrado,0.0
6254,Nome não encontrado,1.0
6255,Nome não encontrado,1.0
6256,Nome não encontrado,1.0
6257,Nome não encontrado,0.0
6258,Nome não encontrado,0.0
6259,Nome não encontrado,32.0
6260,Nome não encontrado,2.0
6261,Nome não encontrado,2.0
6262,Nome não encontrado,2.0
6263,Nome não encontrado,2.0
6264,Nome não encontrado,2.0
6265,Nome não encontrado,2.0
6266,Nome não encontrado,2.0
6267,Nome não encontrado,0.0
6268,Nome não encontrado,6.0
6269,Nome não encontrado,0.0
6270,Nome não encontrado,2.0
6271,Nome não encontrado,0.0
6272,Nome não encontrado,0.0
6274,Nome não encontrado,1.0
6275,Nome não encontrado,1.0
6276,Nome não encontrado,0.0
6277,Nome não encontrado,1.0
6278,Nome não encontrado,1.0
6279,Nome não encontrado,2.0
6280,Nome não encontrado,1.0
6281,Nome não encontrado,1.0
6282,Nome não encontrado,1.0
6283,Nome não encontrado,1.0
6284,Nome não encontrado,1.0
6285,Nome não encontrado,2.0
6286,Nome não encontrado,0.0
6287,Nome não encontrado,1.0
6288,Nome não encontrado,1.0
6289,Nome não encontrado,0.0
6291,Nome não encontrado,1.0
6293,Nome não encontrado,2.0
6294,Nome não encontrado,1.0
6296,Nome não encontrado,8.0
6297,Nome não encontrado,2.0
6301,Nome não encontrado,0.0
6303,Nome não encontrado,0.0
6304,Nome não encontrado,-1.0
6306,Nome não encontrado,0.0
6307,Nome não encontrado,0.0
6308,Nome não encontrado,0.0
6309,Nome não encontrado,0.0
6310,Nome não encontrado,0.0
6311,Nome não encontrado,0.0
6312,Nome não encontrado,2.0
6313,Nome não encontrado,0.0
6314,Nome não encontrado,0.0
6316,Nome não encontrado,2.0
6317,Nome não encontrado,2.0
6318,Nome não encontrado,1.0
6319,Nome não encontrado,6.0
6320,Nome não encontrado,2.0
6321,Nome não encontrado,4.0
6322,Nome não encontrado,3.0
6323,Nome não encontrado,1.0
6325,Nome não encontrado,0.0
6326,Nome não encontrado,1.0
6327,Nome não encontrado,1.0
6328,Nome não encontrado,1.0
6329,Nome não encontrado,1.0
6330,Nome não encontrado,1.0
6331,Nome não encontrado,2.0
6333,Nome não encontrado,0.0
6334,Nome não encontrado,0.0
6335,Nome não encontrado,1.0
6337,Nome não encontrado,4.0
6340,Nome não encontrado,2.0
6341,Nome não encontrado,2.0
6342,Nome não encontrado,1.0
6343,Nome não encontrado,1.0
6344,Nome não encontrado,1.0
6345,Nome não encontrado,2.0
6346,Nome não encontrado,2.0
6347,Nome não encontrado,1.0
6348,Nome não encontrado,2.0
635,Nome não encontrado,4.0
6350,Nome não encontrado,2.0
6351,Nome não encontrado,2.0
6352,Nome não encontrado,2.0
6353,Nome não encontrado,2.0
6354,Nome não encontrado,2.0
6355,Nome não encontrado,2.0
6356,Nome não encontrado,2.0
6357,Nome não encontrado,2.0
6358,Nome não encontrado,0.0
6359,Nome não encontrado,0.0
6361,Nome não encontrado,1.0
6364,Nome não encontrado,0.0
6365,Nome não encontrado,1.0
6367,Nome não encontrado,0.0
6369,Nome não encontrado,3.0
6370,Nome não encontrado,0.0
6372,Nome não encontrado,0.0
648,Nome não encontrado,1.0
65,Nome não encontrado,0.0
650,Nome não encontrado,0.0
663,Nome não encontrado,0.0
669,Nome não encontrado,0.0
672,Nome não encontrado,0.0
674,Nome não encontrado,0.0
685,Nome não encontrado,2.0
688,Nome não encontrado,0.0
69,Nome não encontrado,4.0
690,Nome não encontrado,2.0
691,Nome não encontrado,16.0
694,Nome não encontrado,2.0
708,Nome não encontrado,0.0
71,Nome não encontrado,0.0
726,Nome não encontrado,0.0
73,Nome não encontrado,0.0
736,Nome não encontrado,0.0
743,Nome não encontrado,2.0
745,Nome não encontrado,1.0
753,Nome não encontrado,3.0
755,Nome não encontrado,2.0
762,Nome não encontrado,1.0
763,Nome não encontrado,1.0
766,Nome não encontrado,2.0
768,Nome não encontrado,1.0
775,Nome não encontrado,16.0
781,Nome não encontrado,2.0
786,Nome não encontrado,0.0
794,Nome não encontrado,0.0
795,Nome não encontrado,0.0
797,Nome não encontrado,0.0
798,Nome não encontrado,0.0
799,Nome não encontrado,1.0
8,Nome não encontrado,4.0
801,Nome não encontrado,1.0
805,Nome não encontrado,1.0
809,Nome não encontrado,2.0
822,Nome não encontrado,0.0
830,Nome não encontrado,5.0
831,Nome não encontrado,0.0
837,Nome não encontrado,2.0
840,Nome não encontrado,2.0
844,Nome não encontrado,2.0
846,Nome não encontrado,-1.0
848,Nome não encontrado,5.0
850,Nome não encontrado,0.0
852,Nome não encontrado,1.0
857,Nome não encontrado,2.0
864,Nome não encontrado,2.0
870,Nome não encontrado,1.0
875,Nome não encontrado,0.0
883,Nome não encontrado,1.0
886,Nome não encontrado,0.0
891,Nome não encontrado,4.0
898,Nome não encontrado,0.0
899,Nome não encontrado,1.0
901,Nome não encontrado,1.0
904,Nome não encontrado,2.0
907,Nome não encontrado,1.0
911,Nome não encontrado,1.0
912,Nome não encontrado,1.0
913,Nome não encontrado,1.0
922,Nome não encontrado,2.0
924,Nome não encontrado,3.0
928,Nome não encontrado,0.0
940,Nome não encontrado,1.0
943,Nome não encontrado,5.0
947,Nome não encontrado,1.0
948,Nome não encontrado,0.0
95,Nome não encontrado,0.0
951,Nome não encontrado,0.0
955,Nome não encontrado,0.0
963,Nome não encontrado,2.0
980,Nome não encontrado,0.0
